,Unnamed: 0,name,area,min_salary,max_salary,employer,published_at,experience,schedule,employment,description,requirements,duties,conditions,key_skills,days
458,458,аналитик,Новосибирск,25000.0,85833.33333333331,БИЗНЕС ПРИЛОЖЕНИЯ ИДСИ,2019-09-17T12:44:56+0300,От 1 года до 3 лет,Полный день,Полная занятость,"Обязанности: Работа с аналитическими и информационными базами данных Расчет показателей эффективности рекламных кампаний Расчет показателей эффективности привлечения трафика Составление сводных таблиц Требования: Аналитический подход Высшее образование Отличное знание ПК, google docs Умение работать с большим количеством источников информации Внимательность, ответственность Обучаемость, инициативность Условия: Офис рядом с Академгородом; Дружный коллектив, уютная атмосфера; Возможность профессионального роста; Заработная плата по результатам собеседования Чай, кофе, плюшки за счет компании"," Аналитический подход Высшее образование Отличное знание ПК, google docs Умение работать с большим количеством источников информации Внимательность, ответственность Обучаемость, инициативность ", Работа с аналитическими и информационными базами данных Расчет показателей эффективности рекламных кампаний Расчет показателей эффективности привлечения трафика Составление сводных таблиц ," Офис рядом с Академгородом; Дружный коллектив, уютная атмосфера; Возможность профессионального роста; Заработная плата по результатам собеседования Чай, кофе, плюшки за счет компании",Работа с базами данных|Работа с большим объемом информации,31
261,261,аналитик,Новосибирск,35000.0,85833.33333333331,Форвард,2019-10-15T14:28:00+0300,Нет опыта,Полный день,Полная занятость,"Обязанности: Сбор и формирование первичных требований к специализированному оборудованию; Поиск наиболее верных решений, сбор и анализ необходимой информации для реализации, поставленных задач; Разработка технической документации на производимое оборудование и ПО; Актуализация документации: отслеживать изменения, версии, связи и приоритеты; Своевременное взаимодействие с участниками разработки. Требования: Понимание или желание разбираться в принципах работы автомобилей и спец.техники; Знание ПДД; Умение структурировать информацию; Умение самостоятельно анализировать исходный материал и находить нужную информацию в открытых источниках; Умение писать грамотные и понятные тексты на русском техническом языке. Будет преимуществом: Опыт работы аналитиком / техническим писателем в сфере разработки программного обеспечения; Опыт тестирования симуляторных программных продуктов; Техническое образование; Желание разбираться и погружаться в автомобильную тематику и специализированную технику. Мы предлагаем: Молодой, профессиональный, дружный коллектив; Комфортный офис в центре города, 5 минут от метро «Гагаринская»; Трудоустройство согласно ТК РФ; Официальную зарплату; Возможность профессионального и карьерного роста; Разные «вкусняшки» для всегда позитивного настроения; Абонементы в тренажерный зал, бассейн и т.д. за счет компании; Уровень заработной платы определяется по результатам собеседования.",Без требований," Сбор и формирование первичных требований к специализированному оборудованию; Поиск наиболее верных решений, сбор и анализ необходимой информации для реализации, поставленных задач; Разработка технической документации на производимое оборудование и ПО; Актуализация документации: отслеживать изменения, версии, связи и приоритеты; Своевременное взаимодействие с участниками разработки. ",Без условий,Без ключевых навыков,3
805,805,аналитик,Новосибирск,40000.0,85833.33333333331,Броневик,2019-09-30T10:23:51+0300,От 1 года до 3 лет,Полный день,Полная занятость,"В команде Bronevik.com развивается и растет состав команды разработки. Мы открываем филиал в Новосибирске и находимся в поиске команды для реализации различных задач. Если Вы не являетесь данным специалистом, но можете кого-то порекомендовать, мы будем благодарны! О нас Bronevik.com - это революционная система онлайн-бронирования отелей в России и СНГ, созданная в 2008 году. Мы работаем над созданием собственного качественного продукта для онлайн-бронирования отелей по всей России и странам СНГ, с которыми работаем напрямую. Взаимодействуем с крупнейшими компаниями в сфере предоставления отельных услуг. Какими задачами нужно будет заниматься? Анализ и описание бизнес-процессов клиентов, выявление потребностей. Разработка технических заданий. Участие в разработке API. Сопровождение и поддержка клиентов в системе, обучение и консультирование сотрудников клиента по работе в системе. Создание пользовательских инструкций . От аналитика мы ждем: Аналитический склад ума, системное мышление. Опыт работы системным аналитиком, бизнес-аналитиком или менеджером проектов от 1 года. Опыт проектирования бизнес процессов и разработки технических заданий. От нас: Гибкий график работы: утро начинается с 9 до 11. Официальное трудоустройство. Множество интересных задач. Весёлый и дружный коллектив. Возможность карьерного роста. Уровень заработной платы зависит от опыта и обсуждается на собеседовании.",Без требований,Без обязанностей,Без условий,Деловое общение|Бизнес-анализ|Работа в команде|Аналитический склад ума,18
734,734,аналитик,Новосибирск,49444.444444444445,85833.33333333331,Azoft,2019-10-09T07:07:02+0300,От 3 до 6 лет,Полный день,Полная занятость,"17 лет компания Azoft работает на рынке международного IT-аутсорсинга, предоставляя услуги разработки компьютерного и мобильного ПО для компаний по всему миру. Команда Azoft - увлеченные люди, разбирающиеся в современных технологиях, готовые осваивать новое и помогать другим. На проект для разработки платформы для повышения привлекательности программы лояльности одного из ведущих российских банков требуется опытный, вдумчивый и решительный системный аналитик. Мы предлагаем: Интересный, масштабный проект с десятками миллионов пользователей Опытную команду разработчиков, которая всегда готова помогать По-настоящему гибкий график работы Стабильную работу и гарантированную загрузку Развитие сотрудников: семинары, конференции, English Забота о здоровье: 2 крутые команды - ИТ-футбол и ИТ-баскетбол, частичная компенсация абонементов в бассейн и фитнес-клубы Хороший отдых: совместные праздники и еженедельные Печенька-Party и сканворды Закрытая парковка: для автомобилей, велосипедов, самокатов, гироскутеров :) Чем предстоит заниматься: Совместно с архитектором и разработчиками проектировать многомодульную систему с множеством интеграций со сторонними сервисами Разрабатывать функциональные и нефункциональные требования, проектировать сценарии взаимодействия Проводить анализ полноты и непротиворечивости функциональных и нефункциональных требований с точки зрения возможности технической реализации Совместно с командой разработки оценивать и определять возможность реализации и способы реализации функционала Проверять варианты технических решений на соответствие бизнес-требований заказчика Поддерживать документацию по проекту в актуальности Мы ожидаем от вас: Технический бэкграунд: профильное образование по направлению разработки ПО или опыт работы разработчиком / тестировщиком / системным аналитиком Понимание принципов работы API, обмена данными между системами и модулями Опыт составления документации, в том числе технических заданий для разработчиков Опыт практического применения инструментов моделирования Опыт проектирования API Опыт моделирования и проведения end-to-end сценариев без графического интерфейса Опыт проектной деятельности (опыт работы над несколькими проектами одновременно) Умение четко излагать мысли, систематизировать информацию, декомпозировать объекты и процессы Аккуратность в ведении документации Хорошие коммуникативные качества.",Без требований,Без обязанностей,Без условий,Разработка технических заданий|Бизнес-анализ|UML|SQL|Системный анализ,9
684,684,аналитик,Новосибирск,49444.444444444445,85833.33333333331,Банк Открытие,2019-10-09T17:51:53+0300,Нет опыта,Полный день,Полная занятость,"Обязанности: Работа над проектом по электронному документообороту с органами государственной власти; Технологическая проработка требования заказчиков, разработка и согласование экспертиз, функциональных требований; Постановка задач для системных аналитиков; Согласование технических заданий на реализацию ИТ доработок; Составление и контроль детального плана работ по заявкам на доработку. Требования: Знание банковских процессов и продуктов; Знание банковского ПО (ЦФТ/3CardR/другая АБС); Знание методик проектирования, визуализации процессов, методик разработки; Знанием способов интеграции систем, использования шин данных, сервисной архитектуры и архитектуры SOA; Желателен опыт реализации и внедрения задач автоматизации процессов взаимодействия с государственными органами (ФНС, ФССП, ГИС) и опыт реализации сложных интеграционных задач. Условия: Стать частью крупного, динамично развивающегося банка; Работу в команде единомышленников, неравнодушных к передовым технологиям и практикам; Неограниченные возможности для совершенствования Ваших навыков и знаний, обучаясь у лучших и решая сверхамбициозные задачи; Позитивную рабочую атмосферу, дружный коллектив; Комфортный офис в г. Новосибирске; Достойную и конкурентную заработную плату, квартальные и годовые премии, размер которых зависит от результатов Вашей работы; Разнообразный социальный пакет: ДМС, страхование жизни, страхование для выезжающих за границу, льготные условия приобретения банковских продуктов, скидки в фитнес-клубах и в компаниях-партнерах."," Знание банковских процессов и продуктов; Знание банковского ПО (ЦФТ/3CardR/другая АБС); Знание методик проектирования, визуализации процессов, методик разработки; Знанием способов интеграции систем, использования шин данных, сервисной архитектуры и архитектуры SOA; Желателен опыт реализации и внедрения задач автоматизации процессов взаимодействия с государственными органами (ФНС, ФССП, ГИС) и опыт реализации сложных интеграционных задач. "," Работа над проектом по электронному документообороту с органами государственной власти; Технологическая проработка требования заказчиков, разработка и согласование экспертиз, функциональных требований; Постановка задач для системных аналитиков; Согласование технических заданий на реализацию ИТ доработок; Составление и контроль детального плана работ по заявкам на доработку. "," Стать частью крупного, динамично развивающегося банка; Работу в команде единомышленников, неравнодушных к передовым технологиям и практикам; Неограниченные возможности для совершенствования Ваших навыков и знаний, обучаясь у лучших и решая сверхамбициозные задачи; Позитивную рабочую атмосферу, дружный коллектив; Комфортный офис в г. Новосибирске; Достойную и конкурентную заработную плату, квартальные и годовые премии, размер которых зависит от результатов Вашей работы; Разнообразный социальный пакет: ДМС, страхование жизни, страхование для выезжающих за границу, льготные условия приобретения банковских продуктов, скидки в фитнес-клубах и в компаниях-партнерах.","Сбор требований|Техническое задание|Банковское ПО|АБС|ЦФТ|3CardR|ФНС, ФССП, ГИС ГМП, ГИС ЖКХ, ЕФРСБ, ЦИК, Биометрия",9
1050,1050,аналитик,Новосибирск,49444.444444444445,85833.33333333331,Смарт консалтинг,2019-10-11T07:06:26+0300,От 1 года до 3 лет,Полный день,Полная занятость,"О Компании Мы помогаем сделать жизнь в нашей стране лучше и удобнее для ее граждан! Наш приоритетный вектор - социально-значимые проекты. Наши информационные системы внедрены во многих регионах России от Карелии до Чукотки. Ежедневно государство оказывает услуги порядка 40 миллионам россиян с помощью систем, которые мы разработали. Наши продукты выстраивают работу множества различных государственных ведомств в единый слаженный механизм, чтобы граждане могли быстро и легко получить государственные услуги. О нашем продукте Портальные решения Digit - это фронт-офис регионального электронного правительства. Digit ПГУ - региональный аналог портала госуслуг, Digit Гражданин - площадка, с помощью которой любой гражданин может проявить свою активную позицию и повлиять на жизнь в своем городе и области. Пользователями порталов являются сотни тысяч граждан, каждый из нас. Примеры реализованных внедрений: https://gosuslugi92.ru/ https://portal.barnaul.org/ https://яиркутянин.рф https://dem.nso.ru О команде Digit Наша команда создает, внедряет и развивает информационные системы на платформе Digit, а также участвует в развитии самой платформы. Наши специалисты имеют широкой набор компетенций и успешно совмещают роли аналитиков и разработчиков. Благодаря возможностям нашей платформы мы создаем полноценные информационные системы за несколько часов. Какие задачи будут стоять перед тобой: анализ нормативного-правовых документов и технической документации, относящихся к предметной области продукта; проработка и детализация требований, постановка задач по разработке нового (доработке существующего) функционала продукта; участие во всех этапах жизненного цикла продукта (анализ, разработка, внедрение, сопровождение) Для того, чтобы ты мог работать с нами, мы ожидаем: высшее образование (выпускники ИТ-специальностей, факультетов прикладной информатики); высокий уровень компьютерной грамотности, понимание принципов работы веб-технологий; знание UML, нотаций и средств моделирования бизнес-процессов; понимание, что такое REST и знание HTTP методов; знание SQL на уровне написания запросов; гибкие методологии; понимание функционирования информационных систем. Если ты никогда не сталкивался с чем-то из списка выше, но хотел бы этому научиться, просто напиши об этом в сопроводительном письме к своему резюме и расскажи о том, что ты умеешь. У нас работают, потому что: Мы ценим доверие своих коллег, поэтому предлагаем официальную белую заработную плату и трудоустройство с первого рабочего дня. Нам важно здоровье наших коллег, поэтому у нас есть ДМС и корпоративные скидки на фитнес. Мы помогаем друг другу во всех начинаниях и идеях, а наших новых сотрудников у нас поддерживают наставники. Нам важно наше развитие, поэтому мы даем возможность пробовать себя в новых задачах, если у тебя к ним есть интерес (даже за рамками твоей должности!). Мы меняемся и развиваемся, для этого организуем корпоративные тренинги, конференции и прочие мероприятия как для полезного, так и для приятного времяпровождения. Для комфортной работы у нас есть офисы в центре Новосибирска и Академгородке (резиденты Технопарка). Жми &quot;Откликнуться!&quot; и давай знакомиться!",Без требований,Без обязанностей,Без условий,Без ключевых навыков,7
469,469,аналитик,Новосибирск,49444.444444444445,85833.33333333331,True Engineering,2019-10-08T08:28:14+0300,От 3 до 6 лет,Полный день,Полная занятость,"True Engineering – лаборатория технологических инноваций. Стратегические партнеры по цифровой трансформации бизнеса S7 Airlines, Leroy Merlin, «ВСК», «Ингосстрах», «АльфаСтрахование», ГК «ЭФКО», Imperial Tobacco и других. Проектируем и строим цифровые высокодоступные Business Critical платформы . Автоматизируем Core бизнес, создаем клиентские сервисы и сервисы для партнерских сетей. Наши герои - это люди. Именно они творят настоящую история о настоящих профессионалах, настоящих инженерах, настоящих нас. Мы собрали отличную команду в 150 инженеров и продолжаем расти. Ценим профессионализм, простоту, душевность и юмор. С азартом беремся за работу, играем в долгую, принимаем решения и делаем осознанный выбор. Выбор быть настоящими. Зовем приложить руку к разработке по-настоящему полезных и красивых решений . Увидеть на практике Continuous Integration, Continuous Delivery, Continuous Deployment. Что мы ждем от настоящего аналитика: понимание процессов и жизненного цикла разработки ПО умение проводить исследования и проверять гипотезы; опыт моделирования, оптимизации бизнес-процессов и их внедрения; способность разбираться в новой предметной области; опыт составления проектной и пользовательской документации; навыки командной работы; знание основ ООМ (UML-диаграммы); опытный пользователь MS Office. Что нужно делать: анализ, выяснение и уточнение требований к продукту; анализ и документирование бизнес-требований; разработка технических заданий, регламентов, сценариев и другой документации; проработка пользовательских сценариев и прототипов интерфейсов; тестирование интерфейсных гипотез, анализ и обработка данных; анализ статистики использования решений и выявления лучших закономерностей; контроль реализации требований командой разработки; формирование отчетности. True Employer: От нас сильная команда дизайна и разработки, поддержка PM, профессиональное окружение, современный технологический стек. Умные, честные, открытые коллеги. Простор для инженерной мысли и уютная рабочая среда. C&amp;B Трудоустройство по ТК РФ Белая заработная плата Бесплатный спорт, бассейн Гибкий рабочий график Красивый офис Легендарные корпоративы Спортивные команды, турник в офисе Корпоративная библиотека Плюшки Закрытая парковка True Engineering - кто мы? Проектируем возможности, работаем на результат, делаем на перспективу . К нам приходят с бизнес-задачей, а мы переводим ее в плоскость информационных технологий и решаем. Инженерный подход позволяет закладывать в решение возможность его развития и глубокой модернизации. Создавать новые конкурентные преимущества для бизнеса. Мы инженеры ИТ-отрасли. Смотрим в будущее, мысленно мы всегда на шаг впереди. Делаем сегодня то, что приведет нас в завтра. Осознанно и рачительно относимся к ресурсам. Ловим технологические тренды , исследуем, применяем инструменты на практике. Умеем и любим учиться, создаем технологические компетенции внутри себя, растим отраслевую бизнес-экспертизу. Создание ценности - наша главная цель. Придумать работающее решение, создать его и добиться бизнес-результата. Знать, что в нем есть кусочек тебя лично, и ты можешь увидеть его в реальных цифрах, графиках, бизнес-показателях использования информационных систем. Наши технологические компетенции – Engineering, Data Mining &amp; Machine Learning, DevOps, Design &amp; Digital. Cтек технологий – Java, .Net, Angular, Vue, iOS, Android. Наш офис находится в новосибирском Академгородке. Мы помогаем с переездом из других городов. Если ты хочешь присоединиться к настоящим инженерам , напиши нам",Без требований,Без обязанностей,Без условий,Без ключевых навыков,10
356,356,аналитик,Новосибирск,49444.444444444445,70000.0,ФБ Консалт,2019-10-15T12:40:34+0300,От 1 года до 3 лет,Полный день,Полная занятость,Обязанности: Работа в крупных проектах внедрения CRM системы в качестве системного/бизнес аналитика Подготовка/формирование технических заданий (ТЗ) на различные программные модули CRM системы. Согласование ТЗ с заказчиками Требования: Аналитический склад ума Опыт составления ТЗ для бизнес приложений Умение работать в команде Коммуникабельность Условия: Работа в дружной команде профессионалов в крупных и очень интересных проектах, Аналитический склад ума Опыт составления ТЗ для бизнес приложений Умение работать в команде Коммуникабельность , Работа в крупных проектах внедрения CRM системы в качестве системного/бизнес аналитика Подготовка/формирование технических заданий (ТЗ) на различные программные модули CRM системы. Согласование ТЗ с заказчиками , Работа в дружной команде профессионалов в крупных и очень интересных проектах,Бизнес-анализ|Системный анализ,3
745,745,аналитик,Новосибирск,49444.444444444445,85833.33333333331,ПРО ДЕВЕЛОПМЕНТ,2019-10-15T12:17:39+0300,От 1 года до 3 лет,Гибкий график,Полная занятость,"Компания ПРО ДЕВЕЛОПМЕНТ является признанным лидером в сфере разработки специализированных ИТ решений для сегмента «автозапчасти». Основные направления деятельности компании связаны с разработкой платформы системной интеграции участников рынка, распределенных e-commerce систем и специализированных высоконагруженных экспертных сервисов. Компания представлена на рынках РФ, СНГ и ЕС, где ее клиентами являются бренды с мировым именем, лидеры рынка и крупные региональные операторы. Мы используем современные технологии при разработке решений enterprise уровня, которые охватывают весь информационный контур продуктов компании от решений для мобильных устройств и веб-интерфейсов вплоть до высоконагруженных серверных компонент, обрабатывающих большие объемы данных. У нас работает квалифицированная команда, способная к адекватной и продуктивной внутренней коммуникации, разделяющая ценности и дух совместной работы над сложными проектами. Наши сотрудники всегда готовы поделиться опытом и прийти на помощь коллегам. Ключевые члены команды – высококлассные специалисты, имеющие за плечами большой опыт работы в крупных международных проектах. Мы приглашаем Вас присоединиться к команде экспертов в области разработки высоконагруженных распределенных систем. Основная задача: Аналитика и декомпозиция задач разработчикам для проектов по автоматизации автобизнеса. Задачи: Анализ, формализация и согласование требований (пользовательских историй — User stories). Формирование согласованных сценариев тестирования. Участие в командной разработке: взаимодействие с дизайнерами, разработчиками, тестировщиками. Анализ выявленных несоответствий и формирование предложений по улучшению продукта. Участие в подготовке документации по продукту. Требования: Базовые знания принципов разработки ПО, проектирования пользовательских интерфейсов, интеграции приложений. Знание технологии Scrum/ Kanban/Waterfall. Умение формализовывать и структурировать информацию, представлять её на обсуждение. Опыт написания функциональных требований/бизнес-требований/технических спецификаций на разработку. Опыт работы в области разработки WEB-проектов. Личные и профессиональные качества: Умение достигать качественного результата в установленные сроки; Способность налаживать эффективные коммуникации в команде; Внимательность к деталям; Умение коротко, связно и грамотно говорить и писать; Умение презентовать идеи. Условия: Официальное трудоустройство; Внутреннее обучение, профессиональный рост; Дружный коллектив; Комфортные рабочие места; Гибкий график."," Базовые знания принципов разработки ПО, проектирования пользовательских интерфейсов, интеграции приложений. Знание технологии Scrum/ Kanban/Waterfall. Умение формализовывать и структурировать информацию, представлять её на обсуждение. Опыт написания функциональных требований/бизнес-требований/технических спецификаций на разработку. Опыт работы в области разработки WEB-проектов. Личные и профессиональные качества: Умение достигать качественного результата в установленные сроки; Способность налаживать эффективные коммуникации в команде; Внимательность к деталям; Умение коротко, связно и грамотно говорить и писать; Умение презентовать идеи. ",Без обязанностей," Официальное трудоустройство; Внутреннее обучение, профессиональный рост; Дружный коллектив; Комфортные рабочие места; Гибкий график.",Без ключевых навыков,3
1038,1038,аналитик,Новосибирск,49444.444444444445,85833.33333333331,Ростелеком Информационные Технологии,2019-10-03T08:14:04+0300,От 1 года до 3 лет,Полный день,Полная занятость,"ООО &quot;Ростелеком Информационные Технологии&quot; входит в ИТ кластер группы компаний ПАО &quot;Ростелеком&quot;, специализируется на проектировании и автоматизации процессов продаж и обслуживания телекоммуникационной компании в В2С, В2В, B2O сегментах. В команду проекта по созданию Центра компетенций OSS ПАО &quot;Ростелеком&quot; ищем аналитика данных! Основные задачи: обеспечение отчетности и бизнес процессов систем. Что нужно будет делать: Проверять на соответствие исходным данным и согласовывать документы, предоставляемые заказчиком и подрядчиком (ФТ, ТЗ, ПМИ); Создавать и настраивать выгрузки данных; Реализовывать отчётность; Настраивать и создавать инфопотоки к внешним системам класса CRM, АСР и другим OSS системам; Настраивать логику реализации бизнес процессов, обработки нарядов, сопровождения услуг; Взаимодействовать с вендорами по вопросам развития и сопровождения систем; Собирать, фиксировать и анализировать требования на развитие OSS систем ЦК Аргус-Техноград в своей зоне ответственности; Работать над реализацией, поступающих от заказчика, заявок в Jira с фиксированным SLA; Осуществлять кросс-функциональное взаимодействие с сотрудниками смежных подразделений в рамках решения задач поддержки и развития систем; Работать в команде с архитекторами OSS; Анализировать влияние вариантов реализации решений на логику взаимодействия разрабатываемых/модернизируемых систем между собой и со смежными системами, а также на общую архитектуру решения; Организовывать и участвовать в проведении приемо-сдаточных испытаний. . Мы ждём, что ты: Имеешь высшее профессиональное образование (техническое/математическое/информационные технологии) Имеешь опыт работы в развертывании, эксплуатации, развитии систем OSS-стека: Service order management (SOM), WorkForce Management (WFM), Trouble Ticketing (TT), Performance Management (PM), Fault Management (FM), Resource Inventory (RI); Имеешь опыт построения/эксплуатации/поддержки систем BI-отчётности; Понимаешь жизненный цикл разработки программного обеспечения; Понимаешь бизнес процессы в крупных телекоммуникационных компаниях; Имеешь опыт работы в IT- сфере от 3 лет (тестирование, разработка ПО, анализ, эксплуатация); Уверенно знаешь SQL; Имеешь опыт работы с любой реляционной СУБД, желательно SQL Oracle; Имеешь опыт работы в Jira, Service Desk и других подобных системах; Имеешь опыт работы с ТЗ, спецификациями, UseCase, написания инструкций; Имеешь базовые навыки чтения кода на языках программирования высокого уровня; Имеешь опыт разработки, как минимум, на одном языке программирования (Java, JavaScript, C/C++/C#, Python и др.); Понимаешь принципы работы систем класса АСР, CRM, СЛТУ (Система линейно-технического учета), WFM, Trouble Ticketing; Понимаешь принципы интеграции систем внутри OSS ландшафта, а также с внешними информационными системами (АСР, CRM, ERP). . Будет плюсом: Наличие сертификатов от производителей OSS решений/интеграторов/операторов связи о прохождении обучения по требуемым направлениям. Что от нас: Хорошая заработная плата + премии; ДМС и оплата мобильной связи; Обучение за счёт компании; Возможность выбрать график работы (8-17, 9-18, 10-19); Офис в центре города, в 2 минутах ходьбы от станции метро &quot;Площадь Ленина&quot;. Ждём в команде!",Без требований,Без обязанностей,Без условий,SQL|Oracle Pl/SQL|Python|Java|Atlassian Jira|Системный анализ|Разработка технических заданий|Базы данных|СУБД|Анализ данных,15
747,747,аналитик,Новосибирск,49444.444444444445,85833.33333333331,Positive Technologies,2019-10-14T17:39:21+0300,От 3 до 6 лет,Полный день,Полная занятость,"Positive Technologies — это международная компания с несколькими представительствами и R&amp;D центрами в России и по всему миру, в том числе в Великобритании, Италии, Чехии и других странах. В течение 17 лет мы разрабатываем продукты и сервисы в области противодействия современным киберугрозам. В нашей команде более 900 экспертов, среди которых высококвалифицированные разработчики, хакеры, реверс-инженеры, консультанты по защите ERP, SCADA, банков и телекомов, веб- и мобильных приложений. О задачах: систематизация, детализация и документирование бизнес-требований; перевод требований в описание задач для команд разработки; взаимодействие с руководителями команд разработки, архитекторами и проектировщиками интерфейсов в процессе разработки описания; проверка функциональности требований, реализуемых разработчиками. ​ Что необходимо кандидату: аналитический склад ума; умение систематизировать информацию; умение быстро писать понятную документацию; умение разбираться в сложных вопросах ИТ и/или ИБ; опыт работы на аналогичной должности в сложных проектах. Приветствуется: знание методологии UML; ​ знакомство с различными концепциями ООП и опыт их применения при разработке ПО; владение методами ведения Agile-проектов; понимание практических аспектов информационной безопасности будет плюсом. ​ Что еще, кроме работы: В Новосибирске у нас 2 офиса (Город + Академ) - на выбор. У каждого из нас полис ДМС со стоматологией. Шесть недель оплачиваемого отпуска в год. Удобный график работы (начало в 9:00-11:00). Дресс-кода нет — мы за свободу в выборе стиля. Конкурентоспособная белая заработная плата.",Без требований,Без обязанностей,Без условий,Без ключевых навыков,4
1001,1001,аналитик,Новосибирск,49444.444444444445,85833.33333333331,Совкомбанк,2019-10-15T11:13:02+0300,От 3 до 6 лет,Полный день,Полная занятость,"Задачи: Сбор и уточнение требований заказчиков Формализация требований составление технических заданий для разработчиков Взаимодействие со смежными командами Постановка задач, контроль выполнения Обеспечение внутрикомандного взаимодействия Контроль сроков и результатов Управление рисками и ожиданиями заказчика. Требования: Обязательно уверенное знание MS SQL Умение разбираться и работать с чужим кодом, проводить Code-review. UML и BPMN диаграммы Знания в области HTML XML/XSLT/XSD, REST Было бы не плохо опыт работы с ActiveMQ Условия: График работы 5/2; Оформление по ТК РФ, стабильная работа в крупном федеральном банке; Полностью белая заработная плата: Уровень дохода обсуждается с кандидатом на собеседовании; Расширенный соц. пакет (ДМС, фитнес, английский язык, обучение, ипотечная программа, доступный автомобиль, ). Готовность банка к инновациям снизу и поощрение за рациональные предложения"," Обязательно уверенное знание MS SQL Умение разбираться и работать с чужим кодом, проводить Code-review. UML и BPMN диаграммы Знания в области HTML XML/XSLT/XSD, REST Было бы не плохо опыт работы с ActiveMQ ",Без обязанностей," График работы 5/2; Оформление по ТК РФ, стабильная работа в крупном федеральном банке; Полностью белая заработная плата: Уровень дохода обсуждается с кандидатом на собеседовании; Расширенный соц. пакет (ДМС, фитнес, английский язык, обучение, ипотечная программа, доступный автомобиль, ). Готовность банка к инновациям снизу и поощрение за рациональные предложения",Без ключевых навыков,3
468,468,аналитик,Новосибирск,49444.444444444445,80000.0,Студия Разработки,2019-10-11T14:24:13+0300,От 1 года до 3 лет,Полный день,Полная занятость,"Обязанности: Сбор и формирование ТЗ для внутреннего ПО компании Анализ, формализация ТЗ, документирование как новых так и старых частей системы; разработка проектной документации и ведение базы знаний; работа над продуктами в тесном взаимодействии с разработчиками. Задачи: Составление технических заданий на разработку/доработку ПО; Постановка задач для разработчиков проекта; Проектирование интерфейса ПО; Сопровождение существующих продуктов; Взаимодействие с заказчиком для уточнения требований к продукту. Требования: Опыт работы в коммерческой разработке; Опыт сбора и описания бизнес-требований (Vision, SRS, User Stories) ; Опыт работы с Jira и Confluence; Опыт проектирования web-прототипов пользовательских интерфейсов; Аналитический склад ума; Инициативность, способность принимать самостоятельные решения; Умение расставлять приоритеты; Умение формализовать бизнес-процессы; Умение работать с готовыми техническими заданиями; Умение готовить технические задания на доработку системы. Условия: Возможность профессионального и карьерного развития в компании. Официальное трудоустройство согласно ТК РФ с первого дня. Заработная плата по договоренности Место работы: г. Новосибирск, 5 минут от ст.м. Октябрьская. График работы: пятидневная рабочая неделя с 9-00 до 18-00."," Опыт работы в коммерческой разработке; Опыт сбора и описания бизнес-требований (Vision, SRS, User Stories) ; Опыт работы с Jira и Confluence; Опыт проектирования web-прототипов пользовательских интерфейсов; Аналитический склад ума; Инициативность, способность принимать самостоятельные решения; Умение расставлять приоритеты; Умение формализовать бизнес-процессы; Умение работать с готовыми техническими заданиями; Умение готовить технические задания на доработку системы. "," Сбор и формирование ТЗ для внутреннего ПО компании Анализ, формализация ТЗ, документирование как новых так и старых частей системы; разработка проектной документации и ведение базы знаний; работа над продуктами в тесном взаимодействии с разработчиками. Задачи: Составление технических заданий на разработку/доработку ПО; Постановка задач для разработчиков проекта; Проектирование интерфейса ПО; Сопровождение существующих продуктов; Взаимодействие с заказчиком для уточнения требований к продукту. "," Возможность профессионального и карьерного развития в компании. Официальное трудоустройство согласно ТК РФ с первого дня. Заработная плата по договоренности Место работы: г. Новосибирск, 5 минут от ст.м. Октябрьская. График работы: пятидневная рабочая неделя с 9-00 до 18-00.",Без ключевых навыков,7
198,198,аналитик,Новосибирск,49444.444444444445,100000.0,Финансовые Информационные Системы,2019-10-02T07:02:30+0300,От 3 до 6 лет,Полный день,Полная занятость,"Мы занимаемся разработкой и внедрением систем, автоматизирующих бизнес-процессы заказчика на базе конструктора Case Platform. Основные продукты - кредитный фронт, управление рисками, системы по работе с просроченной задолженностью, системы принятия решений по кредитам, CRM-системы. Кроме того, Case Platform позволяет создавать приложения и вне банковского контекста - документооборот, управление проектами, и другие. Наши основные заказчики - банки топ-100 РФ: Газпромбанк, Банк Открытие, Райффайзенбанк, Совкомбанк, Банк Россия, АК БАРС Банк, Почта Банк и многие другие. Кроме финансовых технологий разрабатываем решения для автоматизации крупных корпораций и госструктур. В их числе: S7 Airlines, Русатом Сервис, Почта России, аэропорт Шереметьево и другие. Ждем ответственности за команду аналитиков-проектировщиков и за проект, который Вы поведете. Вашими задачами будут: Техническое ведение проекта Взаимодействие с бизнес-заказчиком Постановка задач команде, ревью и консультации Разработка прикладных решений на BPM-платформе: настройка модели данных настройка процессов и написание скриптов разработка пользовательского интерфейса настройка интеграций: web-сервисы, внешние БД Проведение предпроектного обследования Оценка задач на разработку, оценка этапов проекта Что ожидаем от Вас: Опыт обследования, проектирование и внедрения промышленных систем Теоретические знания и практический опыт работы с реляционными СУБД (Oracle/PostgreSQL/MS SQL): проектирование БД, SQL, индексы Уверенный навык программирования Будет Вашим преимуществом: Знание специфики работы в банковской сфере Опыт разработки на JavaScript или Java Опыт управления и развития команды Предлагаем: Разработка промышленных, высоконагруженных, многопользовательских систем Управление командой аналитиков-проектировщиков и участие в ее развитии Применить Ваши лучшие практики управления процессами разработки и проектирования Возможность участвовать в развитии самого конструктора - Case Platform Достойный уровень заработной платы Работу в Академпарке или в центре города Оставляйте отклик, и мы с Вами свяжемся!",Без требований,Без обязанностей,Без условий,Без ключевых навыков,16
397,397,аналитик,Новосибирск,49444.444444444445,85833.33333333331,Электронный город (ООО Новотелеком),2019-09-30T06:39:27+0300,От 1 года до 3 лет,Полный день,Полная занятость,"Обязанности: Общение с заказчиком, написание и согласование требований; Общение с разработчиками по ТЗ; Тестирование и приёмка отчета; Написание инструкций, обучение пользователей; Ведение документации по отчетности. Аналитика отчетности - системные требования для разработки Требования: Опыт работы с БД Знание SQL Умение выделять главное из любого объема устной или письменной информации Умение слушать и слышать собеседника Опыт написания технических требований для разработчиков Условия: График работы: 5/2, с 09-00 до 18-00; Место работы: ул. Семьи Шамшиных; Заработная плата будет зависеть от умений и знаний кандидата Мы предлагаем дружный коллектив, профессиональный и личностный рост; официальное трудоустройство А также бонусы для сотрудников: бесплатный интернет и КТВ дома, возможность заниматься спортом (футбол, баскетбол, йога, бассейн) и много другое.", Опыт работы с БД Знание SQL Умение выделять главное из любого объема устной или письменной информации Умение слушать и слышать собеседника Опыт написания технических требований для разработчиков ," Общение с заказчиком, написание и согласование требований; Общение с разработчиками по ТЗ; Тестирование и приёмка отчета; Написание инструкций, обучение пользователей; Ведение документации по отчетности. Аналитика отчетности - системные требования для разработки "," График работы: 5/2, с 09-00 до 18-00; Место работы: ул. Семьи Шамшиных; Заработная плата будет зависеть от умений и знаний кандидата Мы предлагаем дружный коллектив, профессиональный и личностный рост; официальное трудоустройство А также бонусы для сотрудников: бесплатный интернет и КТВ дома, возможность заниматься спортом (футбол, баскетбол, йога, бассейн) и много другое.",Без ключевых навыков,18
1016,1016,аналитик,Новосибирск,49444.444444444445,85833.33333333331,Ростелеком,2019-10-15T16:33:34+0300,Нет опыта,Полный день,Полная занятость,"Компания «Ростелеком» - одна из крупнейших в России и Европе телекоммуникационных компаний национального масштаба, присутствующая во всех сегментах рынка услуг связи. Ростелеком – цифровая основа будущего. Цифровые платформы «Ростелекома»: Умный город, Электронное правительство, Образование, Кибер-безопасность, Биометрия, Геоданные, Индустриальный интернет. В рамках реализации масштабных проектов по созданию централизованного хранилища данных – одного из крупнейших хранилищ в России объемом в несколько петабайт, формированию целевой отчетности по всей компании, аналитических тепловых карт; других проектов, как CDI (MDM), отчетность по воронкам продаж, новым продуктам мы рассматриваем кандидатов на позицию Системный аналитик (DWH) ЗАДАЧИ: Обследование систем источников данных Взаимодействие с бизнес подразделениями в части выявления требований Взаимодействие с командой разработки/тестирования, сопровождение процесса разработки и тестирования Разработка алгоритма ETL процесса Подготовка витрин/отчетных форм по требованию заказчика Описание и согласование с заказчиком алгоритмов получения данных Проектирование моделей данных детального слоя хранилища и витрин Формирование тест-кейсов и стратегии тестирования ТРЕБОВАНИЯ: Опыт работы в роли системного аналитика Опыт работы в проектах построения информационных систем и хранилищ в качестве системного аналитика Опыт разработки FSD, ТЗ Желательно владение SQL на уровне запросов, опыт разработки маппингов, понимание принципов ETL; опыт подготовки ad-hoc запросов по данным в БД Опыт разработки функциональных и пользовательских тест-кейсов Приветствуется опыт построения витрин МЫ ГОТОВЫ ПРЕДЛОЖИТЬ: Участие в высоконагруженных масштабных проектах Использование передовых технологий – Hadoop, Greenplum Плотное взаимодействие с лидерами на рынке Профессиональный рост в молодой и сильной команде Оформление по ТК РФ, «белая» заработная плата (оклад + премии (квартальные, годовые)) ДМС со стоматологией после испытательного срока Корпоративные скидки на спорт, программы финансовой поддержки сотрудников Возможность обучения за счет компании Яркие корпоративные мероприятия",Без требований,Без обязанностей,Без условий,Без ключевых навыков,3
1027,1027,аналитик,Новосибирск,49444.444444444445,85833.33333333331,Nexign (АО «Нэксайн»),2019-10-08T14:31:38+0300,От 3 до 6 лет,Полный день,Полная занятость,"Мы создаем решение для Ростелекома, при этом CRM часть состоит с большого количества новых компонентов на проектирование которых разыскивается системный аналитик. Тебя ждут интересные задачи: Приемка high level требований от бизнес-аналитиков в case-средстве QPR, мокапов от команды дизайнеров, анализ реализуемости этих требований и интерфейсных форм в разумные сроки Проектирование реализации high level требований на уровне компонентов: проектирование api, логики взаимодействия компонент, построение диаграммы классов Моделирование в едином репозитории Sparx EA Разработка предложений по улучшению процесса ведения реестра api и моделей DTO Проработка LLD на интеграции с внешними системами (внешние вендоры) с использованием протоколов http, soap А также тесная работа с архитекторами, дизайнерами и аналитиками заказчиков и других вендоров, обмен опытом и знаниями. Полное погружение в бизнес проблематику текущего стека BSS-решения и знакомство с реализацией OSS-решения для Ростелекома. Требования: Опыт разработки технических спецификаций Опыт описания технических требований по интеграции с внешними системами (по SOAP и REST) Опыт моделирования с применением нотаций UML, BPMN Понимание принципов построения реляционной базы данных Опыт проведения групповых совещаний (мозговые штурмы, сбор требований, демо) Грамотная устная и письменная речь, способность логично излагать материал, структурировать информацию, внимание к деталям Умение и желание работать в команде Желательно: Знакомство с продуктами Atlassian Знание предметной области (сфера телекоммуникаций) Опыт использования case-средств (Enterprise Architect и подобных) Мы предлагаем: Nexign academy , где каждый может прокачивать свои hard/soft skills, участвовать в конференциях и митапах. И конечно учить языки! Exclusive conditions : Мы заботимся о здоровье сотрудников – ДМС, стоматология, страхование от несчастных случаев, тренажерный зал в офисе FleXible working hours : Гибкий график работы — границы рабочего дня определяете самостоятельно, возможно иногда работать из дома Individual approach – это реально! Высокий уровень дохода, годовые премии и бенефиты с возможностью выбора компенсации: путевки в отпуск, обучение, AWS, спорт Global experience в IT и телекоме. Наши задачи – это проекты международного масштаба, а наши сотрудники – специалисты с уникальной экспертизой New office — стоит увидеть! Зоны отдыха, тренажеры, душ, настольные игры, чай, кофе, молоко, фрукты О компании: Мы производим комплексные решения для операторов связи c 1992 года. Сегодня почти каждый звонок в стране обрабатывается с помощью нашего программного обеспечения. А это значит – настоящий highload, гигантские объемы данных и высочайшие требования к надежности и отказоустойчивости софта. У нас одно из самых сложных производств ПО в России. Мы – сообщество профессионалов в самых разных областях IT и телекома. Наши задачи – достойный вызов для любого специалиста.",Без требований,Без обязанностей,Без условий,Без ключевых навыков,10
962,962,аналитик,Новосибирск,49444.444444444445,85833.33333333331,Международный аэропорт Шереметьево,2019-10-07T15:03:06+0300,От 3 до 6 лет,Полный день,Полная занятость,"Международный аэропорт Шереметьево активном поиске Системного аналитика в области развития систем управления персоналом. В обязанности данного аналитика входит: Участие во внедрении и сопровождении (разбор инцидентов, консультационная поддержка пользователей) Сбор и описание бизнес и функциональных требований; Подготовка проектной документации, заданий на разработку, ТЗ; Функциональное и приемочное тестирование; Ведение и согласование протоколов встреч/интервью; Взаимодействие со смежными подразделениями и командами. Мы ожидаем, что у Вас: высшее техническое образование опыт работы не менее 3-х лет в одной из областей: оптимизация бизнес-процессов, внедрение и функциональное сопровождение информационных систем; опыт работы с SAP (Success Factors) - как преимущество; навыки работы с облачными решениями; навыки ведения переговоров, работа с возражениями; понимание методологий разработки и ЖЦ ПО; владение методикой анализа предметной области; знание методологий описания бизнес процессов BPMN/EPC; знания SQL на уровне написания простых запросов; знание функций Excel; опыт в оформлении документации на всех фазах жизненного цикла ИС; опыт разработки регламентирующих документов. кроссфункциональность; готовность брать на себя ответственность за результат; аналитический склад ума, системный подход к решению задач; умение выстраивать эффективную коммуникацию на всех уровнях, бизнес ориентированность. Работникам предоставляется весь спектр гарантий, установленных Трудовым законодательством РФ, обучение и повышение квалификации, профессиональный и карьерный рост, а также: Медицинское обслуживание (собственная медсанчасть) Добровольное медицинское страхование Оплата детского сада Ипотечные программы Организация отдыха (в т.ч. детского) Доставка корпоративным транспортом от станции метро &quot;Сходненская&quot;, гг. Лобня, Зеленоград, Химки Стандартный срок рассмотрения резюме - 10 дней. Если Вы не получили положительного ответа на Ваше резюме, значит, пока мы не готовы сделать Вам предложение по работе. Но Ваше резюме будет сохранено в нашей базе данных и, в случае появления подходящей вакансии, мы обязательно свяжемся с Вами по указанным телефонам. Уважаемые кандидаты, просим Вас отправлять резюме с указанием своих финансовых ожиданий.",Без требований,Без обязанностей,Без условий,Без ключевых навыков,11
475,475,аналитик,Новосибирск,49444.444444444445,85833.33333333331,Банк Открытие,2019-10-07T09:50:08+0300,От 3 до 6 лет,Полный день,Полная занятость,"Обязанности: Обеспечение настроек в АБС ЦФТ работы модулей работы с гос.органами (“ГИС ГМП”, “ГИС ЖКХ”,“ФССП”, “ФНС”); Настройка и доработка интеграции модулей работы с гос.органами с другими бэкофисными системами банка и архивными системами банка; Работа по заявкам на развитие сервисов работы с гос.органами: уточнение требований от заказчика, разработка технического задания на разработку, разработка, тестирование реализации, передача заказчику; Анализ ошибок продуктовой среды. Требования: Опыт работы в ЦФТ-Банк (IBSO) не менее трех лет; Знание основ и принципов работы АБС ЦФТ в качестве аналитика, разработчика; Навыки в разработке технического задания на разработку, знание PL/Plus, PL/SQL; Знание принципов настройки и работы модулей. Мы предлагаем Вам: Стать частью крупного, динамично развивающегося банка; Работу в команде единомышленников, неравнодушных к передовым технологиям и практикам; Неограниченные возможности для совершенствования ваших навыков и знаний, обучаясь у лучших и решая сверхамбициозные задачи; Позитивную рабочую атмосферу, дружный коллектив; Достойную и конкурентную заработную плату, квартальные и годовые премии, размер которых зависит от результатов вашей работы; Разнообразный социальный пакет: ДМС, страхование жизни, страхование для выезжающих за границу, льготные условия приобретения банковских продуктов, скидки в фитнес-клубах и в компаниях-партнерах.",Без требований," Обеспечение настроек в АБС ЦФТ работы модулей работы с гос.органами (“ГИС ГМП”, “ГИС ЖКХ”,“ФССП”, “ФНС”); Настройка и доработка интеграции модулей работы с гос.органами с другими бэкофисными системами банка и архивными системами банка; Работа по заявкам на развитие сервисов работы с гос.органами: уточнение требований от заказчика, разработка технического задания на разработку, разработка, тестирование реализации, передача заказчику; Анализ ошибок продуктовой среды. ",Без условий,IBSO|Разработка технических заданий|Системный анализ|Oracle Pl/SQL,11
268,268,аналитик,Новосибирск,49444.444444444445,120000.0,Брокеркредитсервис,2019-09-26T10:33:31+0300,От 1 года до 3 лет,Гибкий график,Полная занятость,"В нашу команду разыскивается опытный системный аналитик. Чем предстоит заниматься: Создание системных моделей на основании бизнес и функциональных требований со стороны заказчика в сфере финансовых и банковских технологий; Контроль и документирование системных моделей в рамках действующей ИТ Инфраструктуры; Разработка и документирование необходимых системных спецификаций в рамках проектной деятельности. Что мы ждем от тебя: Наличие навыков чтения/написания проектной документации, системных спецификаций, создания бизнес модели и модели прецедентов (use cases) для фиксирования требований к прикладному ПО; Знание методологий и стандартов системного анализа, моделирования и разработки программного обеспечения (ООП, RUP, SCRUM и т.п.); Знание нотаций визуализации и документирования (UML2, BPMN, ARIS) и владение инструментами Enterprise Architect, MS Visio, MS Office, Attlassian JIRA и Confluence на уровне продвинутого пользователя; Наличие навыков понятного визуального представления слабо структурированной информации для создания презентационных материалов; Наличие навыков чтения кода XML, XSD, RAML, JSON, HTML, CSS, Javascript, Java, C#, SQL и т.п.; Что от нас: Оформление согласно ТК РФ; Конкурентная заработная плата; Расположение офиса - м. Площадь Ленина; Гибкое начало дня, есть возможность сдвинуть рабочие часы, чтобы трудиться эффективнее; ДМС (по льготным условиям); Льготное приобретение фитнеса в компаниях World Class, фитнес-клуб Европа, X-FIT; Отсутствие дресс-кода; Вечерние занятия в танцевальной студии БКС; Спортивные команды по футболу, волейболу, баскетболу, настольному теннису;",Без требований,Без обязанностей,Без условий,Без ключевых навыков,22
894,894,аналитик,Новосибирск,49444.444444444445,60000.0,Финансовые Информационные Системы,2019-10-02T07:01:53+0300,От 1 года до 3 лет,Полный день,Полная занятость,"Мы занимаемся разработкой и внедрением систем, автоматизирующих бизнес-процессы заказчика на базе конструктора Case Platform. Основные продукты - кредитный фронт, управление рисками, системы по работе с просроченной задолженностью, системы принятия решений по кредитам, CRM-системы. Кроме того, Case Platform позволяет создавать приложения и вне банковского контекста - документооборот, управление проектами, и другие. Наши основные заказчики - банки топ-100 РФ: Газпромбанк, Банк Открытие, Райффайзенбанк, Совкомбанк, Банк Россия, АК БАРС Банк, Почта Банк и многие другие. Кроме финансовых технологий разрабатываем решения для автоматизации крупных корпораций и госструктур. В их числе: S7 Airlines, Русатом Сервис, Почта России, аэропорт Шереметьево и другие. Ждем готовность освоить новый инструмент для разработки систем и погрузиться в предметную область. Вы будете принимать участие во всем цикле разработки и влиять на результат проекта. Чем предстоит заниматься: Разработка прикладных решений на BPM-платформе: настройка модели данных настройка процессов и написание скриптов разработка пользовательского интерфейса настройка интеграций: web-сервисы, внешние БД Коммуникации с заказчиком, выявление требований и анализ доработок Работа с требованиями: участие в предпроектном обследовании (вместе с ведущим аналитиком-проектировщиком), написание функциональных требований и пользовательской документации Работа с БД (Oracle, PostgreSQL, MS SQL): написание и оптимизация SQL-запросов Что мы ожидаем от Вас: Опыт разработки на любом объектно ориентированном языке программирования Теоретические знания и практический опыт работы с реляционными СУБД (Oracle/PostgreSQL/MS SQL): SQL, индексы Понимание клиент-серверной и трехуровневой архитектуры приложений Понимания вычислительной сложности алгоритмов (чем один алгоритм лучше другого) Будет Вашим преимуществом: Опыт работы в IT-отделе банка или в бизнес-подразделении Опыт разработки на JavaScript Опыт выявление требований, описание функциональных требований Опыт во всём цикле разработки, включая анализ, разработку и тестирование Предлагаем: Присоединиться к профессиональной команде и участвовать в создании автоматизированных систем Получить широкий опыт. От выявления требований и проектирования до разработки и внедрения прикладных решений для крупных заказчиков Возможность развиваться в сфере финансовых технологий Возможность стать техническим экспертом и/или руководителем команды аналитиков-проектировщиков Достойный уровень заработной платы Работу в Академпарке или в центре города Корпоративный транспорт Оставляйте отклик, и мы с Вами свяжемся!",Без требований,Без обязанностей,Без условий,Без ключевых навыков,16
876,876,аналитик,Новосибирск,49444.444444444445,85833.33333333331,Совкомбанк,2019-09-24T09:06:53+0300,От 1 года до 3 лет,Полный день,Полная занятость,"Обязанности: Работа над созданием единого большого мобильного приложения для всех участников бизнеса Сбор и уточнение требований заказчиков Формализация требований, составление технических заданий для разработчиков Взаимодействие со смежными командами Постановка задач, контроль выполнения Руководство проектной командой Обеспечение внутрикомандного взаимодействия Контроль сроков и результатов Управление рисками и ожиданиями заказчика Требования: Опыт работы аналитиком от 2 лет Приветствуется опыт работы в сфере мобильной разработки Приветствуется опыт работы в банковской сфере Условия: Территориально: ул. Демакова (Академгородок), корпоративный транспорт от м. Речной вокзал, Площадь Маркса, г. Бердск, р.п. Кольцово Официальное оформление по ТК РФ Белая заработная плата (оклад + премии) Расширенный соц. пакет (ДМС, фитнес, обучение и многое другое) Профессиональный рост Интересные, амбициозные проекты в рамках всего банка, работа в команде профессионалов", Опыт работы аналитиком от 2 лет Приветствуется опыт работы в сфере мобильной разработки Приветствуется опыт работы в банковской сфере ," Работа над созданием единого большого мобильного приложения для всех участников бизнеса Сбор и уточнение требований заказчиков Формализация требований, составление технических заданий для разработчиков Взаимодействие со смежными командами Постановка задач, контроль выполнения Руководство проектной командой Обеспечение внутрикомандного взаимодействия Контроль сроков и результатов Управление рисками и ожиданиями заказчика "," Территориально: ул. Демакова (Академгородок), корпоративный транспорт от м. Речной вокзал, Площадь Маркса, г. Бердск, р.п. Кольцово Официальное оформление по ТК РФ Белая заработная плата (оклад + премии) Расширенный соц. пакет (ДМС, фитнес, обучение и многое другое) Профессиональный рост Интересные, амбициозные проекты в рамках всего банка, работа в команде профессионалов",UML|REST|JSON API,24
845,845,аналитик,Новосибирск,50000.0,85833.33333333331,НПФ Гранч,2019-10-14T05:02:41+0300,От 1 года до 3 лет,Полный день,Полная занятость,"Мы 25 лет на рынке. Наши инновационные продукты (электронные приборы и ПО) позволяют не только уверенно занимать лидирующие позиции на рынке, но и задавать вектор направления развития отрасли. Мы формируем отдельную команду аналитиков с тем, чтобы усовершенствовать выпускаемый нами продукт &quot;Умная шахта&quot; и не только! Приглашаем к сотрудничеству профессиональных аналитиков, желающих получить опыт работы в большом высоконагруженном проекте c возможностью роста до руководителя группы. Обязанности: анализ и оптимизация процессов внутри разрабатываемых и уже готовых продуктов; проектирование логической модели системы, интерфейса ПО; постановка задач для разработчиков проекта, выработка рекомендаций, составление технических заданий на разработку/доработку ПО; взаимодействие с заказчиком и техническими экспертами, сбор и анализ требований; предварительное тестирование функционала; подготовка программы функционального тестирования, участие в приёмо-сдаточных испытаниях. Требования: высшее техническое образование; опыт работы в области бизнес/системного анализа желательно в IT-сфере; понимание основ проектирования, разработки, документирования программного обеспечения; аналитический склад ума, инициативность; умение работать с готовыми техническими заданиями и готовить технические задания на доработку системы; умение формализовывать и структурировать информацию; знание методов системного анализа; знание MS Office на уровне грамотного пользователя. Вашим преимуществом будут: профильное образование по направлению Системный анализ; опыт работы с SQL, Excel; опыт работы с пакетами математического моделирования; понимание или хотя бы представление о работе стека протоколов TCP/IP и принципах работы сетевого оборудования; понимание принципов передачи данных по каналу связи, способность анализировать функционирование сетей и аппаратных интерфейсов. Мы предлагаем: работу в компании, продукты которой не имеют аналогов на рынке; участие в формировании стратегии по развитию продуктов; постоянное развитие, участие в интересных проектах и расширение профессиональной экспертизы; участие в профильных семинарах, конференциях, выставках; отлично оборудованный комфортный офис в 15 мин от ст. метро &quot;Березовая роща&quot;; дружный коллектив, корпоративные праздники и мероприятия; бесплатный спортзал с душем, оборудованная кухня и вкусный кофе в офисе, несколько хороших столовых и кафе рядом с офисом. Условия: график работы пн-пт с 8:00 до 17:00, сб, вс - выходной (в индивидуальном порядке возможна корректировка); оформление по ТК РФ; размер заработной платы готовы обсуждать с кандидатами в зависимости от их уровня знаний и опыта. Мы ищем в команду человека, который: постоянно учиться и развивается; всегда нацелен на результат; умеет работать в команде; не боится сложных задач; обладает самостоятельностью; любит свою работу. Решаем интересные разноплановые задачи. Ключевые навыки: MS Visio UML Data Analysis SQL Анализ данных"," высшее техническое образование; опыт работы в области бизнес/системного анализа желательно в IT-сфере; понимание основ проектирования, разработки, документирования программного обеспечения; аналитический склад ума, инициативность; умение работать с готовыми техническими заданиями и готовить технические задания на доработку системы; умение формализовывать и структурировать информацию; знание методов системного анализа; знание MS Office на уровне грамотного пользователя. Вашим преимуществом будут: профильное образование по направлению Системный анализ; опыт работы с SQL, Excel; опыт работы с пакетами математического моделирования; понимание или хотя бы представление о работе стека протоколов TCP/IP и принципах работы сетевого оборудования; понимание принципов передачи данных по каналу связи, способность анализировать функционирование сетей и аппаратных интерфейсов. Мы предлагаем: работу в компании, продукты которой не имеют аналогов на рынке; участие в формировании стратегии по развитию продуктов; постоянное развитие, участие в интересных проектах и расширение профессиональной экспертизы; участие в профильных семинарах, конференциях, выставках; отлично оборудованный комфортный офис в 15 мин от ст. метро &quot;Березовая роща&quot;; дружный коллектив, корпоративные праздники и мероприятия; бесплатный спортзал с душем, оборудованная кухня и вкусный кофе в офисе, несколько хороших столовых и кафе рядом с офисом. "," анализ и оптимизация процессов внутри разрабатываемых и уже готовых продуктов; проектирование логической модели системы, интерфейса ПО; постановка задач для разработчиков проекта, выработка рекомендаций, составление технических заданий на разработку/доработку ПО; взаимодействие с заказчиком и техническими экспертами, сбор и анализ требований; предварительное тестирование функционала; подготовка программы функционального тестирования, участие в приёмо-сдаточных испытаниях. "," график работы пн-пт с 8:00 до 17:00, сб, вс - выходной (в индивидуальном порядке возможна корректировка); оформление по ТК РФ; размер заработной платы готовы обсуждать с кандидатами в зависимости от их уровня знаний и опыта. Мы ищем в команду человека, который: постоянно учиться и развивается; всегда нацелен на результат; умеет работать в команде; не боится сложных задач; обладает самостоятельностью; любит свою работу. Решаем интересные разноплановые задачи. Ключевые навыки: MS Visio UML Data Analysis SQL Анализ данных",Без ключевых навыков,4
1074,1074,аналитик,Новосибирск,50000.0,85833.33333333331,Форвард,2019-10-15T14:28:10+0300,От 1 года до 3 лет,Полный день,Полная занятость,"Обязанности: разработка концепции новых продуктов и улучшения реализованных продуктов. создание и согласование функциональных спецификаций продуктов организации и иных необходимых документов. поиск наиболее верных решений для реализации, поставленных задач, в планируемом программном обеспечении. контроль реализации документации на проекте, до полного завершения проекта. сбор и анализ необходимой информации, для понимания и грамотного описания функционала будущего программного обеспечения. принятие важных и ответственных решений по спорным вопросам. своевременное взаимодействие с участниками разработки. актуализация документации: отслеживать изменения, версии, связи и приоритеты. Требования: Опыт работы на должности с аналогичным функционалом или опыт работы по составлению документации. Аналитический склад ума, умение структурировать получаемую информацию, быстро разбираться в технической документации. Способность ясно выражать свои мысли, последовательно и аргументированно обосновывать свою точку зрения. Умение работать с большим объемом информации, включающее в себя опыт поиска и анализа разносторонней информации по работе различной колесной техники, программного обеспечения, опыт чтения законов, постановлений Российской Федерации. Понимание принципов разработки программного обеспечения и требований к нему. Успешный опыт эффективного определения приоритетов и выдерживания сроков выполнения задач. Будет плюсом: опыт тестирования симуляторных программных продуктов. знание Английского языка для чтения документации. опыт работы с Redmine, Confluence. непрерывное стремление улучшить качество процессов. Мы предлагаем: Молодой, профессиональный, дружный коллектив; Комфортный офис в центре города, 5 минут от метро «Гагаринская»; Трудоустройство согласно ТК РФ; Официальную зарплату; Возможность профессионального и карьерного роста; Разные «вкусняшки» для всегда позитивного настроения; Абонементы в тренажерный зал, бассейн и т.д. за счет компании; Уровень заработной платы определяется по результатам собеседования.",Без требований," разработка концепции новых продуктов и улучшения реализованных продуктов. создание и согласование функциональных спецификаций продуктов организации и иных необходимых документов. поиск наиболее верных решений для реализации, поставленных задач, в планируемом программном обеспечении. контроль реализации документации на проекте, до полного завершения проекта. сбор и анализ необходимой информации, для понимания и грамотного описания функционала будущего программного обеспечения. принятие важных и ответственных решений по спорным вопросам. своевременное взаимодействие с участниками разработки. актуализация документации: отслеживать изменения, версии, связи и приоритеты. ",Без условий,Поиск информации в интернет|написание документации|Работа с большим объемом информации,3
392,392,аналитик,Новосибирск,50000.0,85833.33333333331,Корпорация  Сибирское здоровье,2019-10-09T14:35:29+0300,От 1 года до 3 лет,Полный день,Полная занятость,"Мы ищем специалиста по сопровождению и документированию процедур бизнес-процессов организации. Основные функции: Оформление бизнес-требований: Описание текущих бизнес-процессов. Оформление требований к процессу. Оформление сопроводительной документации: Создание разделов сопроводительной документации в соответствие с видами процессов. Передача требований ИТ специалистам на разработку. Аудит текущих процессов: Аудит соответствий ПО и бизнес-требований компании. Аудит сопроводительной документации: Контроль заполнения разделов. Контроль обновления разделов. Регламентирование процессов разработки ПО: Регламентирование пользовательских требований: Ведение нумерации процессов. Ведение регламентированной документации по процессам. Ведение документации по изменениям. Регламентирование форм исполнения задания: Формы требований. Формы приемки задания. Реестр внесенных изменений. Регламентирование процессов сопроводительной документации: Ведение разделов технической документации Контроль заполнения документации по формам Требования: Опыт работы в должности менеджера СМК (система менеджмента качества). Опыт работы от двух лет. Знание разделов ISO 90001/ГОСТ 9001. Владение навыками написания нотаций: IDEF, BPMN, UML. Условия: График работы: понедельник-пятница рабочие дни, ненормированный рабочий день. Постоянный профессиональный рост. Размер заработной платы определяется по итогам собеседования. Периодический пересмотр заработной платы по итогам работы."," Опыт работы в должности менеджера СМК (система менеджмента качества). Опыт работы от двух лет. Знание разделов ISO 90001/ГОСТ 9001. Владение навыками написания нотаций: IDEF, BPMN, UML. ",Без обязанностей," График работы: понедельник-пятница рабочие дни, ненормированный рабочий день. Постоянный профессиональный рост. Размер заработной платы определяется по итогам собеседования. Периодический пересмотр заработной платы по итогам работы.",Системный анализ|UML|Информационные технологии|СМК,9
990,990,аналитик,Новосибирск,60000.0,85833.33333333331,Креатик Софт,2019-10-15T10:32:52+0300,Более 6 лет,Полный день,Полная занятость,"Привет! Мы - компания CreaticSoft, компания разработчиков, менеджеров, тестировщиков, аналитиков, влюбленных в свое дело. Нам нравится работать в кругу настоящих профессионалов, расти и развиваться вместе. У нас открыта вакансия Системный аналитик , и мы приглашаем тебя знакомиться. Мы разрабатываем решения e-commerce для иностранных заказчиков в Европе и США. У нас распределенная команда, а значит, у тебя будет возможность работы и общения с профессионалами из разных стран. Мы предлагаем участие в интересных проектах на современном стеке технологий Силиконовой долины: облачные сервисы, высокая нагрузка, отказоустойчивость, RESTFUL API, интеграции со сторонними сервисами и пр. У тебя будет шанс как поделиться своим опытом, так и освоить новые инструменты и подходы. Внутри проектов - микросервисная платформа из нескольких десятков компонентов, развернутая на AWS. Хороший, свежий стек из Java, AngularJS, Docker, немного Groovy, Scala и даже Machine Learning. У нас есть всё - как молодые и динамичные компоненты, так и выдержанные и проверенные временем. Обязанности: Изучение предметной области; Участие в интервьюировании бизнес-экспертов и пользователей информационных систем для изучения потребностей и текущих принципов организации бизнес-процессов; Сбор, разработка, анализ, документирование и согласование технических требований к информационным системам; Участие в постановке задач и разработке технического задания; Участие в подготовке схем тестирования функционала для выявления отклонений от сформулированных бизнес-требований и функциональных требований; Участие в обучении пользователей системы; Анализ рисков и причин возникновения ошибок при разработке систем. Требования к кандидату: Владение терминологией разработчиков ПО; Знание жизненного цикла разработки ПО и распределения ролей в проектной команде; Знание и опыт работы с различными методологиями моделирования и описания систем, нотациями, инструментами; Умение работать с большим объемом информации; Грамотная письменная и устная речь на русском и английском на уровне не ниже upper-intermediate, опыт ведения переписки и написания спецификаций на английском языке; Способность быстро понять требования и определить их приоритет, а также рассказать о технических решениях и их влиянии на бизнес понятным клиенту языком; Умение в различных проектах следовать принятой методологии, нотациям и формам документов; Навыки работы с соответствующим программным обеспечением; Способность к коллективной работе с другими аналитиками в случае, если над проектом трудится команда; Умение, сохраняя творческий стиль работы, соблюдать дисциплину в отношении ведения документов, версий, протоколов и готовность трудиться в команде с архитекторами, разработчиками, тестировщиками; Навык убедительно демонстрировать компетенцию компании в определенной области, по итогам краткого разговора составить представление о клиенте и его требованиях к решению; Знание и понимание Web технологий; Будет плюсом навык создания прототипов UI, знание и понимание принципов проектирования UX/UI. Условия: У нас все официально и вся зарплата “в белую”. Есть два офиса - главный находится в Академгородке, офис поменьше - на Речном вокзале. После прохождения испытательного срока ты сможешь выбрать, где тебе удобнее работать. Чтобы легче общаться с нашими иностранными коллегами, у нас есть курсы английского языка за счет компании прямо в офисе. Также наши специалисты ездят в командировки в Европу, Китай и США. Остались сомнения или вопросы? Пиши на почту нашему HR Ольге. Или приходи к нам на собеседование и узнай все из первых уст.",Без требований,Без обязанностей," У нас все официально и вся зарплата “в белую”. Есть два офиса - главный находится в Академгородке, офис поменьше - на Речном вокзале. После прохождения испытательного срока ты сможешь выбрать, где тебе удобнее работать. Чтобы легче общаться с нашими иностранными коллегами, у нас есть курсы английского языка за счет компании прямо в офисе. Также наши специалисты ездят в командировки в Европу, Китай и США. Остались сомнения или вопросы? Пиши на почту нашему HR Ольге. Или приходи к нам на собеседование и узнай все из первых уст.",Analytical skills|Presentation skills|Customer Needs Analysis|UML|BPMN|Use Case Analysis|Interpersonal skills|Моделирование бизнес процессов|Requirements Analysis|Requirements Specification|Requirements Management|User Acceptance Testing,3
448,448,аналитик,Новосибирск,60000.0,85000.0,Improve group,2019-10-14T09:36:19+0300,От 1 года до 3 лет,Гибкий график,Полная занятость,"Ахтунг! Improve Digital в поисках опытного системного аналитика в кроссфункциональную команду. Мы стартуем инвестиционный проект для крупного федерального банка. Ребята в банке и наша команда хотим намеренно взорвать рынок и нам не терпится стартовать. Поэтому срочно ищем матерого аналитика, способного делать все, чтобы в процессе разработки возникало как можно меньше вопросов, а система получалась максимально эффективной, а именно: Выяснять и описывать бизнес-процессы для заказчиков. Писать подробное ТЗ, которое будет понятно разработчикам, тестировщикам и заказчикам; переводить с языка клиента на наш родной технический в соответствии с внутренними стандартами. Вместе с командой искать решения по оптимизации бизнес-процессов обслуживания клиентов. Разбираться в работе и всех хитросплетениях банковских систем. Как сказал наш менеджер “Будет сложно, но очень интересно” :) Что пригодится в этом деле: Опыт составления ТЗ и технической документации, понятных и разработчикам, и заказчикам. Навыки сбора и анализа требований от разных пользователей, от топ-менеджеров до операторов. Уверенное знание любой из методологий описания процессов. Способность настойчиво расспрашивать не слишком общительных разработчиков :) Уверенный английский от intermediate Умение работать с Confluence, Jira, Wiki и прочими инструментами Навыки UX проектирования интерфейсов будут не лишними Опыт работы с банковскими и или финансовыми продуктами А также внимательность, аккуратность, желание учиться и обучать остальных, чувство юмора (это супер обязательное требование, готовьте анекдот к собеседованию, будем проверять). С первого дня работы оформляем тебя официально. Зарплата напрямую зависит от твоих навыков и умений. Конечно, у нас гибкий график, есть ДМС со стоматологией, наш офис — в Технопарке на 3 и 7 этажах, в нём есть всё нужно для отличной рабочей жизни. Будем рады тебе! Осталось только откликнуться) До связи!",Без требований,Без обязанностей,Без условий,Без ключевых навыков,4
835,835,аналитик,Новосибирск,75000.0,85833.33333333331,ЭЛСИ ГРУПП,2019-10-14T05:17:33+0300,От 1 года до 3 лет,Полный день,Полная занятость,"Высокотехнологичная IT компания «ЭЛСИ Групп» открывает поиск на позицию Аналитика для работы на международных проектах, для расширения своей команды и развития новых проектов. Ориентируясь в работе на личностно-профессиональный подход, мы собрали команду, способную реализовать задачу практически любой сложности. Сегодня мы стремимся к покорению новых высот разработки IT проектов, и для достижения этой цели, вполне возможно, нам необходимы именно твои навыки! Подробнее о предстоящих челленджах читай ниже. Задачи: Выявление, анализ и описание требований внутренних заказчиков Компании. Формирование проектной технической документации. Проработка и описание концепции новых продуктов начиная от идеи с нуля до детальной схемы. Декомпозиция крупных задач на User stories, их ведение и поддержка в Jira / Confluence. Передача требований в отдел разработки, поддержка и консультирование разработчиков и QA-инженеров. Требования: Знание методик сбора, анализа и описания требований. Опыт работы в коммерческой разработке. Опыт сбора и описания бизнес-требований (Vision, SRS, User Stories) Опыт описания бизнес-процессов с использованием UML или BPMN. Опыт работы с Jira и Confluence. Опыт проектирования web-прототипов пользовательских интерфейсов. Разговорный английский язык. Аналитический склад ума. Дополнительными плюсами будет являться: Знание MS Visio, Axure. Знания в сфере современных IT-технологий (backend / frontend разработка, СУБД и сопутствующие технологии, устройство межсервисных интеграций). Опыт работы в сфере IT Finance или eCommerce. Наши условия : ДМС (амбулаторное лечение + стоматология). Заключен договор с крупными и известными клиниками Новосибирска, возможность получать консультацию и наблюдаться у лучших врачей города. У Вас будет возможность заказать любые необходимые комплектующие к рабочему компьютеру. Постоянная динамика в профессиональном развитии. Развитая система наставничества и работа в условиях взаимопомощи между коллегами. Обсуждаемый график работы 5/2, стандартно 09.00-18.00 / 10.00-19.00 / 11.00-20.00. Трудоустройство в полном соответствии с ТК РФ, на 100% официальная заработная плата (уровень обозначается обоюдно, исходя из компетенций кандидата). Возможность инвестировать в нашу группу компаний на выгодных условиях (ставка в районе 20 процентов годовых; срок от 1 года). Отсутствие дресс-кода и жестких условий труда, кофе и чай в неограниченном количестве. 2 комфортных оборудованных офиса в центре Новосибирска и в центре Академгородка. Насыщенная корпоративная жизнь - ежегодные корпоративы и тимбилдинги! О нас: «ЭЛСИ Групп» это высокотехнологичная IT компания в составе международного холдинга . Наша основная цель – создание передовых технологий для внутренних и внешних заказчиков fintech отрасли, мы ведем как российские, так и зарубежные проекты. Энергичность, свежесть взглядов и стремление реализовать себя как в профессиональном, так и в личностном аспекте – это то, чего мы ждём от своих коллег и за что поощряем их. Если задачи и условия тебя устраивают, и тебе есть, что предложить компании – оставляй свой отклик, мы позвоним в течение первых 1-2 рабочих дней и начнем наше знакомство.",Без требований,Без обязанностей,Без условий,MS Visio|Axure|Confluence|UML|BPMN|SRS|Vision|eCommerce|IT Finance,4
