,Unnamed: 0,name,area,min_salary,max_salary,employer,published_at,experience,schedule,employment,description,requirements,duties,conditions,key_skills,days,"(12995.0, 43440.0]","(43440.0, 73885.0]","(73885.0, 104330.0]","(104330.0, 134775.0]","(134775.0, 165220.0]","(165220.0, 195665.0]","(195665.0, 226110.0]","(226110.0, 256555.0]","(256555.0, 287000.0]","(18500.0, 61555.556]","(61555.556, 104611.111]","(104611.111, 147666.667]","(147666.667, 190722.222]","(190722.222, 233777.778]","(233777.778, 276833.333]","(276833.333, 319888.889]","(319888.889, 362944.444]","(362944.444, 406000.0]",Екатеринбург,Краснодар,Новосибирск,Самара,Челябинск,Более 6 лет,Нет опыта,От 1 года до 3 лет,От 3 до 6 лет,Вахтовый метод,Гибкий график,Полный день,Сменный график,Удаленная работа,Полная занятость,Проектная работа,Стажировка,Частичная занятость,Без ключевых навыков,Python,Django Framework,Redis,PostgreSQL,HTML,MySQL,Другое
729,729,python,Челябинск,45000.0,50000.0,ДАН,2019-09-23T15:10:56+0300,От 1 года до 3 лет,Полный день,Полная занятость,"Для работы над крупными внутренними проектами компании, в связи с расширением штата требуется Python-разработчик. Наша команда является подразделением туристической компании ДАН и занимается разработкой продуктов в сфере туризма для внутреннего заказчика. Компания ДАН является одним из лидеров в сфере туризма по уральскому федеральному округу, имеет 7 офисов на территории России и Казахстана. Работая в нашей команде, вы получаете свободу для творчества и возможность реализовать свои профессиональные амбиции. Обязательно хорошее знание: Python 3, PosrgreSQL Django, Redis, Celery Django REST framework Будет большим преимуществом опыт работы с: Опыт работы с Elsdticserach многопоточным/асинхронным кодом умение применять на практике паттерны проектирования Активный аккаунт на github К чему быть готовым: Плотная работа в команде по гибким методологиям Работа с таск-трекером (Jira) Необходимость писать тесты на свой код Условия: Оформление по ТК РФ Оплачиваемый отпуск 8-часовой рабочий день Дружный молодой коллектив Уровень заработной платы обговаривается с каждым кандидатом индивидуально.",Без требований,Без обязанностей, Оформление по ТК РФ Оплачиваемый отпуск 8-часовой рабочий день Дружный молодой коллектив Уровень заработной платы обговаривается с каждым кандидатом индивидуально.,Python|Django Framework|Redis,0.9333333333333332,0,1,0,0,0,0,0,0,0,1,0,0,0,0,0,0,0,0,0,0,0,0,1,0,0,1,0,0,0,1,0,0,1,0,0,0,0,1,1,1,0,0,0,0
393,393,python,Краснодар,50000.0,90000.0,Черкасов Константин Юрьевич,2019-10-19T13:47:10+0300,От 3 до 6 лет,Удаленная работа,Полная занятость,"Компания SeagullWay Inc. из США разрабатывает Web и мобильные SaaS-решения по автоматизации работы организаций Apparel/Fashion индустрии. Мы ищем Python-разработчиков уровней Middle/Senior. Требования: Хорошее знание языка Python; Опыт работы с flask, sqlalchemy, MySQl/PostgreSQL. Дополнительные плюсы: опыт работы с микросервисной архитектурой, опыт работы с rabbitmq; опыт работы с RPC. Необходимые личные качества: ответственность; самостоятельность; самодисциплина; способность к быстрому самообучению. Условия работы: удалённый full-time. Обязательно обладание стабильным доступом в интернет. Стабильная достойная зарплата от 1000$ до 1500$ (по результатам собеседования) + бонус + встречи 1-2 раза в год с командой в разных странах за счет компании.",Без требований,Без обязанностей,Без условий,Python|PostgreSQL|HTML|MySQL|Git|PHP,0.06666666666666668,0,1,0,0,0,0,0,0,0,0,1,0,0,0,0,0,0,0,0,1,0,0,0,0,0,0,1,0,0,0,0,1,1,0,0,0,0,1,0,0,1,1,1,0
550,550,python,Челябинск,57500.0,50000.0,ЦИАН ГРУПП,2019-10-21T10:03:37+0300,От 3 до 6 лет,Удаленная работа,Полная занятость,"ЦИАН – лидирующий на рынке маркетплейс по недвижимости России (по данным LiveInternet за январь 2018 года). Мы помогаем найти жилье более чем 11 миллионам посетителей ежемесячно. ЦИАН пятый год подряд входит в двадцатку самых дорогих компаний Рунета по версии журнала Forbes. Мы каждый день работаем над тем, чтобы наш сервис был полезен, удобен и надежен для любого сегмента наших пользователей. Поэтому мы ищем амбициозных людей, кто сможет предложить свои идеи и захочет воплотить в жизнь уже существующие. Пару слов о проекте: Мы сейчас движемся от монолитной архитектуры (Python 2.7 &amp; Django) в сторону микросервисов (Python 3 + Tornado). Есть возможность получить опыт работы с асинхронностью, поучаствовать в построении архитектуры микросервисов, решать задачи по повышению производительности. С чем предстоит работать: В микросервисах (б0льшая часть задач): Python 3.6 и Tornado 4 В старой части - монолите - Python 2.7 и Django (его последовательно переводим на SOA архитектуру, где критично - оптимизируем производительность) На серверах Debian. Используем RabbitMQ, Cassandra, ElasticSearch Постоянно совершенствуемый Continuous Delivery . Уважение к unit-тестам. Неизменно: утренние короткие стенд-апы, недельные итерации и еженедельное планирование, код-ревью, еженедельная ретроспектива. Требования : Опыт коммерческой разработки на Python (Django\Tornado и т.д.) от 3 лет; Знание паттернов проектирования; Хорошее знание SQL; Умение писать юнитесты (pytest); Умение оптимизировать производительность приложения и базы данных; Знание Unix/Linux; Общее представление о верстке и js (самому верстать/писать не нужно); Понимать суть задачи и вносить минимальные необходимые изменения (без “переписать всё”). Личные качества: Self-management; Нацеленность на результат; Умение четко и ясно излагать свои мысли; Ответственность; Важна скорость реакции и умение быстро переключать контекст; Умение добиваться поставленных целей в сжатые сроки Работа в ЦИАН - это: Удаленная работа, оформление по ТК 5 day off в год Профессиональный рост (ЛПР, оплачиваемое обучение, посещение конференций, корпоративная библиотека) Мы любим веселиться (2 больших корпоратива в год + квартальные вечеринки в офисе)",Без требований,Без обязанностей,Без условий,Без ключевых навыков,0.0,0,1,0,0,0,0,0,0,0,1,0,0,0,0,0,0,0,0,0,0,0,0,1,0,0,0,1,0,0,0,0,1,1,0,0,0,1,0,0,0,0,0,0,0
718,718,python,Челябинск,57500.0,50000.0,Antida software,2019-10-07T11:09:55+0300,От 1 года до 3 лет,Полный день,Полная занятость,"Мы разыскиваем Python-разработчика для разработки нового IT-продукта. Вам предстоит проектировать и разрабатывать бэкенд, реализовывать интеграции со сторонними сервисами и взаимодействовать с командой фронтенд-разработки. Мы работаем по гибким методологиям, используем самые современные инструменты, а наш workflow максимально автоматизирован, но самое важное то, что у нас развитая культура непрерывного развития разработчиков. Требования к кандидатам: Опыт коммерческой разработки на Python (Django/Tornado/Flask/...); Хорошее знание SQL и понимание плюсов/минусов Django ORM; Умение писать модульные тесты; Опыт работы с MySQL или PostgreSQL; Умение четко и ясно излагать мысли; Умение решать проблемы, используя свои знания, инструменты и контакты. Мы предлагаем следующие условия: Интересные и амбициозные задачи, от которых точно не будет скучно; Комфортный офис в центре города, PlayStation, фрукты, шоколад, напитки и т.д.; Профессиональный рост: корпоративные митапы и хакатоны, а также сильная команда, которая готова делиться знаниями; Оплата занятий по английскому языку с преподавателем; Официальное устройство по ТК. Готовы обсудить ваши пожелания по заработной плате; Гибкий график: начало работы с 8 до 11; Корпоративная библиотека с покупкой книг по вашему желанию.",Без требований,Без обязанностей,Без условий,Python|Django Framework|PostgreSQL|SQL|Английский язык,0.4666666666666667,0,1,0,0,0,0,0,0,0,1,0,0,0,0,0,0,0,0,0,0,0,0,1,0,0,1,0,0,0,1,0,0,1,0,0,0,0,1,1,0,1,0,0,0
734,734,python,Челябинск,57500.0,50000.0,"DSR, Группа Компаний",2019-10-14T14:18:56+0300,От 1 года до 3 лет,Полный день,Полная занятость,"Обязанности: Проектирование и разработка программного обеспечения. Требования: Высшее образование (техническое) Уверенные знания Python (желательно - версии 3.x) Знание базовых технологий разработки ПО (структуры данных, ООП, умение решать алгоритмические задачи) Понимание принципов асинхронного и многопоточного программирования Опыт написания автоматизированных тестов Понимание принципов и опыт реализации REST API Опыт разработки под Linux Способность самостоятельно разрабатывать часть программного продукта и взаимодействовать с другими членами команды Разговорный английский уровня не ниже Intermediate Приветствуется: Опыт разработки бэкэнда на Python (aiohttp) Опыт разработки на JavaScript/TypeScript/Node.js Опыт работы в распределённой команде Опыт работы по Agile Способность и готовность обучаться новому Условия: ВАКАНСИЯ АКТУАЛЬНА ДЛЯ ВОРОНЕЖА И ПОДРАЗУМЕВАЕТ РЕЛОКАЦИЮ Достойная стабильная оплата труда, бонусы Оплата сверхурочной работы Постоянная занятость‚ соцпакет Интересная работа‚ хороший коллектив Перспективы роста"," Высшее образование (техническое) Уверенные знания Python (желательно - версии 3.x) Знание базовых технологий разработки ПО (структуры данных, ООП, умение решать алгоритмические задачи) Понимание принципов асинхронного и многопоточного программирования Опыт написания автоматизированных тестов Понимание принципов и опыт реализации REST API Опыт разработки под Linux Способность самостоятельно разрабатывать часть программного продукта и взаимодействовать с другими членами команды Разговорный английский уровня не ниже Intermediate Приветствуется: Опыт разработки бэкэнда на Python (aiohttp) Опыт разработки на JavaScript/TypeScript/Node.js Опыт работы в распределённой команде Опыт работы по Agile Способность и готовность обучаться новому ", Проектирование и разработка программного обеспечения. ," ВАКАНСИЯ АКТУАЛЬНА ДЛЯ ВОРОНЕЖА И ПОДРАЗУМЕВАЕТ РЕЛОКАЦИЮ Достойная стабильная оплата труда, бонусы Оплата сверхурочной работы Постоянная занятость‚ соцпакет Интересная работа‚ хороший коллектив Перспективы роста",Python|JavaScript|Linux,0.2333333333333333,0,1,0,0,0,0,0,0,0,1,0,0,0,0,0,0,0,0,0,0,0,0,1,0,0,1,0,0,0,1,0,0,1,0,0,0,0,1,0,0,0,0,0,0
1020,1020,python,Самара,60000.0,120000.0,"Разумные решения, НПК",2019-10-02T15:30:43+0300,От 1 года до 3 лет,Полный день,Полная занятость,"Обязанности: участие в разработке сложного, наукоёмкого ПО; разработка архитектуры приложения; постановка и оценка задач, принятие технических решений; Разработка и реализация алгоритмов поддержки принятия решений и многокритериальной оптимизации; Разработка и реализация поведений агентов, протоколов их переговоров Требования: Python issue-трекеры Опыт backend-разработки Опыт взаимодействия и разработки API Опыт работы с python-фреймворками (django, django-rest-framework) git Юнит-тесты Знания и опыт: Знание основ системной и инженерии Понимание принципов ООП и опыт использования Понимание паттернов проектирования опыт решения интересных архитектурных задач опыт применения популярных асинхронных и веб-фреймворков: Django, Tornado, Asyncio и т.д.; понимание микросервисной архитектуры Будет плюсом: КТН Знание и опыт применения методов оптимизации Владение инструментами моделирования: AnyLogic, Ansys Владение инструментами проектирования: Enterprise Architect, ARIS Владение другими языками (C#, Java, C++) и знание соответствующих платформ О проектах: Работа в команде Smart Engeneering - создание мультиагентного оптимизатора для решения инженерных задач Сложные, наукоемкие, интересные проекты Заказчики: ГазпромНефть, МосКомАрхитектура, РКК &quot;Энергия&quot;",Без требований," участие в разработке сложного, наукоёмкого ПО; разработка архитектуры приложения; постановка и оценка задач, принятие технических решений; Разработка и реализация алгоритмов поддержки принятия решений и многокритериальной оптимизации; Разработка и реализация поведений агентов, протоколов их переговоров ",Без условий,Python|Git|Django Framework,0.6333333333333333,0,1,0,0,0,0,0,0,0,0,0,1,0,0,0,0,0,0,0,0,0,1,0,0,0,1,0,0,0,1,0,0,1,0,0,0,0,1,1,0,0,0,0,0
1191,1191,python,Самара,60000.0,120000.0,Открытый код,2019-10-14T10:16:00+0300,От 1 года до 3 лет,Полный день,Полная занятость,"Компания &quot;Открытый код&quot; - это команда квалифицированных специалистов, профессионалов своего дела, ставящие перед собой амбициозные задачи и с блеском справляющиеся с реализацией запланированного. Если Вы инициативны, ориентированы на достижение лучших результатов, готовы искать наиболее эффективное решение любой поставленной задачи и при этом обладаете необходимыми для работы навыками и способностями, мы приглашаем Вас в нашу команду! От Вас: 2+ года опыта разработки Python Знание методов сбора статистики, анализа текстов Опыт работы с нейронными сетями Приветствуется опыт разработки фронтенда (JS, CSS, jQuery, Angular, Vue.js и т. п.) Что мы предлагаем: возможность получения опыта в полном цикле работ по созданию решений от сбора требований заказчика, проектирования архитектуры системы до ввода в эксплуатацию и внедрения конечного продукта; современный стек технологий; удобные рабочие места в современном офисе в центре города с видом на Волгу (офисный центр &quot;Галактика&quot;, ул. Ярмарочная), место и время для отдыха в течение дня; 5-дневная рабочая неделя. Возможен гибкий график работы (в разумных пределах); оформление трудовых отношений по Трудовому кодексу РФ, полный социальный пакет ( корпоративный спорт, культурные мероприятия, занятия английским языком в офисе компании) ; уровень дохода обсуждается в зависимости от компетенции соискателя; интересные, сложные задачи, высокая степень самостоятельности; перспектива карьерного и профессионального роста; работа в дружной команде профессионалов; заслуженные плюшки и ништяки!",Без требований,Без обязанностей,Без условий,Python|Нейронные сети|Big Data|Spark|Hadoop|Machine learning,0.2333333333333333,0,1,0,0,0,0,0,0,0,0,0,1,0,0,0,0,0,0,0,0,0,1,0,0,0,1,0,0,0,1,0,0,1,0,0,0,0,1,0,0,0,0,0,0
1063,1063,python,Самара,60000.0,120000.0,СМАСС,2019-10-09T07:59:18+0300,От 3 до 6 лет,Полный день,Полная занятость,"Компания SmaSS Technologies Inc (Texas, USA) объявляет об открытии позиции Python/GO Developer в Самарском офисе компании. Основной продукт компании SmaSS - программно-аппаратная реализация &quot;Магазин без кассиров&quot; (аналог &quot;Amazon Go&quot;). Ориентация продукта - компании США и Европы. Обязанности: Создания системы приема и обработки данных; Интеграция с внешними и внутренними сервисами (биллинг). Требования: Знание python; Знание БД PostgreSQL; Знание одного из асинхронных фреймворков (Asyncio, Tornadо) Преимуществом будет: Опыт работы с большими объемами данных; Знание Gо; Понимание микросервисной архитектуры. Умение и понимание Rest (full) API ; Есть опыт интеграции с внешними системами (биллинг) Условия: Обучение технологиям; Уютный офис в географическом центре города; Профессиональная команда; Стабильно развивающаяся кампания; Молодой, дружелюбный и веселый коллектив; Авто/вело парковка; Стабильная и своевременная заработная плата; Вам ни когда не будет с нами скучно."," Знание python; Знание БД PostgreSQL; Знание одного из асинхронных фреймворков (Asyncio, Tornadо) Преимуществом будет: Опыт работы с большими объемами данных; Знание Gо; Понимание микросервисной архитектуры. Умение и понимание Rest (full) API ; Есть опыт интеграции с внешними системами (биллинг) ", Создания системы приема и обработки данных; Интеграция с внешними и внутренними сервисами (биллинг). ," Обучение технологиям; Уютный офис в географическом центре города; Профессиональная команда; Стабильно развивающаяся кампания; Молодой, дружелюбный и веселый коллектив; Авто/вело парковка; Стабильная и своевременная заработная плата; Вам ни когда не будет с нами скучно.",Без ключевых навыков,0.4,0,1,0,0,0,0,0,0,0,0,0,1,0,0,0,0,0,0,0,0,0,1,0,0,0,0,1,0,0,1,0,0,1,0,0,0,1,0,0,0,0,0,0,0
450,450,python,Краснодар,70000.0,110000.0,ЦИАН ГРУПП,2019-10-21T10:03:37+0300,От 3 до 6 лет,Удаленная работа,Полная занятость,"ЦИАН - лидирующий на рынке маркетплейс по недвижимости России (по данным LiveInternet за январь 2018 года). Мы помогаем найти жилье более чем 13 миллионам посетителей ежемесячно. ЦИАН пятый год подряд входит в двадцатку самых дорогих компаний Рунета по версии журнала Forbes. Идей становится все больше, и мы знаем, как сделать CIAN.RU самым полезным, надежным и удобным сайтом по поиску недвижимости. Поэтому мы ищем амбициозных людей кто сможет предложить свои идеи и захочет воплотить в жизнь уже существующие. Пару слов о проекте: Мы сейчас движемся от монолитной архитектуры (Python 2.7 &amp; Django) в сторону микросервисов (Python 3 + Tornado). Есть возможность получить опыт работы с асинхронностью, поучаствовать в построении архитектуры микросервисов, решать задачи по повышению производительности. С чем предстоит работать: В микросервисах (б0льшая часть задач): Python 3.6 и Tornado 4 В старой части - монолите - Python 2.7 и Django (его последовательно переводим на SOA архитектуру, где критично - оптимизируем производительность) На серверах Debian. Используем RabbitMQ, Cassandra, ElasticSearch Постоянно совершенствуемый Continuous Delivery . Уважение к unit-тестам. Неизменно: утренние короткие стенд-апы, недельные итерации и еженедельное планирование, код-ревью, еженедельная ретроспектива. Требования : Опыт коммерческой разработки на Python (Django\Tornado и т.д.) от 3 лет; Знание паттернов проектирования; Хорошее знание SQL; Умение писать юнитесты (pytest); Умение оптимизировать производительность приложения и базы данных; Знание Unix/Linux; Общее представление о верстке и js (самому верстать/писать не нужно); Понимать суть задачи и вносить минимальные необходимые изменения (без “переписать всё”). Личные качества: Self-management; Нацеленность на результат; Умение четко и ясно излагать свои мысли; Ответственность; Важна скорость реакции и умение быстро переключать контекст; Умение добиваться поставленных целей в сжатые сроки Работа в ЦИАН - это: Удаленная работа, оформление по ТК 5 day off в год Профессиональный рост (ЛПР, оплачиваемое обучение, посещение конференций, корпоративная библиотека) Мы любим веселиться (2 больших корпоратива в год + квартальные вечеринки в офисе)",Без требований,Без обязанностей,Без условий,Без ключевых навыков,0.0,0,1,0,0,0,0,0,0,0,0,0,1,0,0,0,0,0,0,0,1,0,0,0,0,0,0,1,0,0,0,0,1,1,0,0,0,1,0,0,0,0,0,0,0
443,443,python,Краснодар,70000.0,110000.0,"EPAM Systems, Inc.",2019-10-21T10:36:34+0300,От 3 до 6 лет,Полный день,Полная занятость,"Позиция подразумевает возможность работать удаленно или переезд в г. Краснодар. Мы производим программное обеспечение – от начала и до конца. С 1993 года EPAM помогает клиентам придумывать, разрабатывать, проектировать и внедрять программные продукты, которые меняют мир. Чтобы понимать, в чем рынок будет нуждаться завтра, мы следим за трендами и внедряем их в свою работу, постоянно учимся и накапливаем опыт. Учиться в ЕРАМ легко: внутри компании есть тренинги и курсы, унифицированы требования к разным позициям и уровням и есть возможность получать новые профессии прямо на рабочем месте. Чего мы ожидаем от Вас? Уверенные знания Python 2/3; Опыт написания веб-сервисов на Flask / Django / Falcon; Знание JavaScript, HTML, CSS и CI/CD процессов будет плюсом; Понимание GIL, декораторов, magic-методов; Владение устным английским от уровня Intermediate и выше; Мы следим за качеством своих продуктов. Умение поддерживать высокое качество создаваемых продуктов (unit testing, core review) для нас очень важно; Так же мы используем agile методологии (Scrum / Kanban). Если Вы работали с ними, это позволит быстрее влиться в наши процессы. Если у Вас есть опыт менеджмента и управления / лидства командой, опыт решения нетривиальных задач и общения с заказчиками, то мы можем говорить и про lead позиции. Что еще мы предлагаем? Работу с новейшими технологиями и участие в проектах из разных областей (Life Science, E-commerce, биоинформатика, медицина, GameDev, Capital Markets и многие-многие другие); Реализация своего потенциала вне проектов: мы организуем митапы и конференции, на которых выступают наши сотрудники, приглашаем тренеров для спикеров, развиваем профессиональные комьюнити; Участие в программах менторинга для технических специалистов и для менеджеров; Возможность постоянного обучения: предоставляем доступ к 6000+ курсов и тренингов, разработали специальные программы для архитекторов решений и деливери-менеджеров; Возможность поработать в разных офисах ЕРАМ в России и за границей (наши офисы есть в 11 российских городах и более чем в 25 странах).",Без требований,Без обязанностей,Без условий,Python|Agile Project Management|HTML|CSS|Английский язык|Django Framework|Flask,0.0,0,1,0,0,0,0,0,0,0,0,0,1,0,0,0,0,0,0,0,1,0,0,0,0,0,0,1,0,0,1,0,0,1,0,0,0,0,1,1,0,0,1,0,0
747,747,python,Челябинск,70000.0,50000.0,ЛАНИТ,2019-10-04T14:41:02+0300,От 1 года до 3 лет,Полный день,Полная занятость,"Сфера деятельности компании ЛАНИТ-Урал - оказание комплексных услуг в области системной и сетевой интеграции, управления проектами, реализации проектов любой сложности в государственном, банковском, страховом, образовательном, финансовом секторах, а также на предприятиях металлургической, машиностроительной, атомной, нефтегазовой, энергетической и других отраслей промышленности. Компания «ЛАНИТ-Урал» является разработчиком уникальной комплексной методологии по реализации проектов перевода АРМ работающих под управлением ОС Windows на ОС семейства Linux – КИПАРИС . Разработка технических решений и их апробирование происходит на базе Опытно-Демонстрационного Центра с применением современных программно-аппаратных комплексов отечественных производителей. Требования: Опыт программирования на python, django, git; Опыт работы с операционными системами семейства Linux; Практический опыт внедрения и/или поддержки решений; Способность разбираться в чужом коде; Умение добиваться результатов в согласованные сроки; Умение работать самостоятельно и в команде проекта. Обязанности: Разработка скриптов для автоматизации процессов перевода АРМ с ОС Windows на ОС Linux; Участие в проектах по массовому переводу АРМ под управлением ОС Windows на ОС Linux; Участие в разработке технических решений по автоматизации процедур миграции. Условия: Стабильная, «белая» заработная плата; Социальный пакет (медицинская страховка, корпоративные скидки на посещение фитнес-центра); Компания проводит обучение и сертификацию сотрудников, ежемесячно проводит тренинги личностного и профессионального роста; График работы пятидневный с 9:00 до 18:00; Возможность профессионального роста; На территории офиса расположена оборудованная кухня, чай, кофе за счет компании; Территориально: IT-Park, ул. Молодогвардейцев, Работа с передовым оборудованием, расположенным в Опытно-Демонстрационном Центре; Возможны командировки."," Опыт программирования на python, django, git; Опыт работы с операционными системами семейства Linux; Практический опыт внедрения и/или поддержки решений; Способность разбираться в чужом коде; Умение добиваться результатов в согласованные сроки; Умение работать самостоятельно и в команде проекта. Обязанности: Разработка скриптов для автоматизации процессов перевода АРМ с ОС Windows на ОС Linux; Участие в проектах по массовому переводу АРМ под управлением ОС Windows на ОС Linux; Участие в разработке технических решений по автоматизации процедур миграции. ",Без обязанностей," Стабильная, «белая» заработная плата; Социальный пакет (медицинская страховка, корпоративные скидки на посещение фитнес-центра); Компания проводит обучение и сертификацию сотрудников, ежемесячно проводит тренинги личностного и профессионального роста; График работы пятидневный с 9:00 до 18:00; Возможность профессионального роста; На территории офиса расположена оборудованная кухня, чай, кофе за счет компании; Территориально: IT-Park, ул. Молодогвардейцев, Работа с передовым оборудованием, расположенным в Опытно-Демонстрационном Центре; Возможны командировки.",Linux|Python|Git,0.5666666666666667,0,1,0,0,0,0,0,0,0,1,0,0,0,0,0,0,0,0,0,0,0,0,1,0,0,1,0,0,0,1,0,0,1,0,0,0,0,1,0,0,0,0,0,0
851,851,python,Екатеринбург,70000.0,110000.0,Очень Интересно,2019-10-16T17:34:29+0300,От 3 до 6 лет,Полный день,Полная занятость,"Ищем разработчика веб-приложений на Python. Про нас: У нас работают и общаются талантливые разработчики, опытные архитекторы и проектировщики, рациональные менеджеры, дизайнеры, инженеры, тестировщики, использующие современные технологии в создаваемых с нуля проектах. Мы решаем нетривиальные задачи, которые позже переезжают жить на Amazon AWS / Azure / Google Apps при помощи нашей блистательной DevOps-команды. Мы живем в разных странах, городах и часовых поясах, но совместно работаем над VR (Virtual Reality), AR (Augmented Reality), IoT (Internet of Things), веб-проектами и мобильными приложениями, Unity Gaming, Enterprise бизнес-приложениями. Мы профессионально говорим на разных языках - русском, английском, немецком, китайском, вьетнамском, фарси и ”в совершенстве” на Python, С#, PHP, Objective-C, JavaScript (React, Vue.js, Angular), Java, Swift. Мы находимся на трех континентах (Европа, Азия, Америка) и постоянно путешествуем между ними, по работе и просто так. Особое внимание мы уделяем таким вещам как, возможность самореализации и взаимодействия в команде. Важно, чтобы работа приносила удовольствие! Про вас: Отлично понимаете Python3, Python Internals, структуры и алгоритмы, шаблоны проектирования. Предлагаете обдуманные и аргументированные решения и реализуете их с минимумом багов (или вообще без них)! Планируете свое решение, прежде чем написать первую строчку кода. Умеете тестировать свой собственный и чужой код (unit tests, integration tests, manual tests). Понимаете, что такое сложность алгоритмов по O-нотации. Плюсом будет: Django &amp; Django Rest Framework. Оптимизация и профилирование Python кода. Профилирование SQL / NoSQL запросов (explain - ваш лучший друг!). Опыт работы с Vue (or React/Angular). Хорошее понимание Frontend технологий: CSS3 / HTML / JavaScript / Webpack. Опыт или интерес к работе с другими языками (Scala, Go, C). Интерес к проектированию API / DB / Mobile apps. Опыт работы и реализации real-time сервисов и приложений. Опыт работы с Hadoop / HBase / Storm / Kafka / Spark / MapReduce. TDD. Умение общаться с другими разработчиками и анализировать собственные предлагаемые варианты решения (и идеи) с точки зрения ROI (Return on Investment) - большой плюс! Какие задачи решать: Создание API, Backend для мобильных, веб- и IoT- приложений. Event stream processing (Kafka / Storm / Spark) и аналитика в реальном времени. Разработка новых приложений и проектов. Работа с проектами, которые уже живут в production и где растет количество пользователей, трафик, базы данных и нагрузка на инфраструктуру. С чем работать: Python3 / Django / Django Rest Framework. PostgreSQL / MongoDB / DynamoDB / Redis / RabbitMQ. Apache Kafka / Storm / Spark, Map/Reduce. Amazon AWS (EC2, SQS, SNS, ELB, ECS, RDS, S3, DynamoDB). Google Cloud. Unit tests. Docker. Git / Linters / Jenkins / Upsource. JavaScript apps (Vue.js). Linux preferred (Mac is fine as well. No Windows :). Мы ценим: Как красивый код, так и минимум кода. Понятный код, который покрыт тестами и содержит детальные комментарии. Разработчиков, увеличивающих объем знаний и опыт команды. Тех, кто не боится ответственности и работает на результат. Разработчиков, не требующих микроменеджмента и постоянного мониторинга. Людей, которые сказали, что все будет сделано в среду, и финишировали во вторник. Документацию, которая обновляется (и тех, кто над ней работает). Чувство юмора ) Мы предлагаем: Официальное трудоустройство и “белую” заработную плату. Лояльный график работы: гибкое начало и окончание дня, возможность работать удаленно по пятницам. Офис в центре города в шаговой доступности от метро и с доступом к любому виду транспорта (бизнес-центр ЦМТЕ). Ежегодное Performance Review. Прозрачные процессы в компании и гибкий менеджмент. Работу над международными проектами в разных сферах. Занятия английским языком за счет компании. Частичную компенсацию спорта (фитнес, бассейн, волейбол, танцы и пр.). Команду, которая всегда готова поддержать, объяснить непонятное и просто пообщаться. Спортивные тимбилдинги и корпоративные мероприятия. Традиционную пиццу в офисе по четвергам (наша традиция :) ) Зону отдыха с кикером и Playstation 4.",Без требований,Без обязанностей,Без условий,Python|Django Rest Framework|Django,0.16666666666666666,0,1,0,0,0,0,0,0,0,0,0,1,0,0,0,0,0,0,1,0,0,0,0,0,0,0,1,0,0,1,0,0,1,0,0,0,0,1,0,0,0,0,0,0
307,307,python,Краснодар,70000.0,110000.0,"МАГНИТ, Розничная сеть",2019-10-09T14:36:05+0300,От 1 года до 3 лет,Полный день,Полная занятость,"О нас : Магнит - крупнейшая розничная сеть в России, с более чем 20тилетней историей Наш Центральный офис расположен в Краснодаре. 250 солнечных дней в году, близость моря и гор, развитая инфраструктура, высокая бизнес-активность – причины, по которым Краснодар неоднократно признавался лучшим городом для жизни в России. Мы предлагаем: Трудоустройство по ТК РФ, конкурентоспособную, полностью &quot;белую&quot; заработную плату, а также гарантируем её своевременную выплату. Заработная плата складывается из: оклада и премии. График работы с 08:00 до 17:00, 5-дневная рабочая неделя. Мы вкладываем ресурсы в развитие, поэтому у нас организовано корпоративное обучение, и есть реальная возможность профессионального и карьерного роста в Компании. Карту лояльности Магнит - Дисконт, которая дает широкие возможности получения скидок в компаниях партнеров по различным направлениям. Ключевые обязанности : Разработка клиентов приема-передачи данных на основе языка Python; Разработка клиентской части сервисов и приложений; Разработка среднего слоя приложений на языке Python; Поддержка, интеграция, оптимизация существующих приложений и сервисов; Ожидания от кандидатов : Опыт разработки от 0,5 года; Уверенное знание и опыт применения Python (Django, Flask и пр.); Хорошее знание JavaScript, HTML, CSS; Знание SQL; Опыт работы с MS SQL ; Ответственность, внимательность, способность работать в команде, способность работать под давлением времени, стремление к профессиональному развитию. Мы стремимся создавать лучшие условия для работы и отдыха, поэтому наше рабочее пространство включает: Оснащенные всем необходимым рабочие места (опен-спейс, опен-спейс с целевой дислокацией, персональные кабинеты для руководителей). Комфортные переговорные комнаты и несколько модернизированных конференц-залов. 2 бесплатных спортзала на территории офиса (кардио- и силовые тренажеры, залы для групповых занятий – пилатес, йога, танцы, кросс-фит, степ-аэробика, единборства). Удобную бесплатную общую автостоянку. Большую закрытую велопарковку. Открытую площадку с зоной воркаута, футбольное поле и два многофункциональных (теннис/баскетбол/волейбол). Просторную современную столовую, где наши повара с заботой о Вас, готовят вкусные завтраки/обеды и ужины. Для тех, кто предпочитает питаться домашней едой, имеются оборудованные кофе-комнаты в каждом корпусе. На прилегающей к офису территории, на свежем воздухе находятся 2 стильные Кофе-Лавки. Здесь Вы сможете насладиться свежесваренным зерновым кофе и провести обеденный перерыв в чудесной парковой зоне Компании. Мы искренне заботимся о здоровье наших сотрудников, поэтому у нас есть корпоративные медицинские кабинеты. Любой работник ГК может бесплатно получить там специализированную доврачебную помощь или консультацию по состоянию здоровья, принять участие в профилактических мероприятиях, а при необходимости — сделать укол, назначенный лечащим врачом.",Без требований,Без обязанностей,Без условий,Python|JavaScript|ООП|SQL,0.4,0,1,0,0,0,0,0,0,0,0,0,1,0,0,0,0,0,0,0,1,0,0,0,0,0,1,0,0,0,1,0,0,1,0,0,0,0,1,0,0,0,0,0,0
366,366,python,Краснодар,70000.0,110000.0,Технологии в образовании,2019-10-20T13:47:10+0300,От 1 года до 3 лет,Удаленная работа,Полная занятость,"SkillFactory - быстрорастущая компания в области EdTech. Мы растем на 300% в год. В настоящий момент мы обучаем 500 аналитиков и Data Scientist&#39;ов ежемесячно, включая Яндекс, Сбербанк, Mail.ru Group, Alfabank и многие другие компании. Сейчас мы ищем человека, который сможет подхватить поддержку текущей разработанной отчетности. Вакансия подразумевает удалённую работу . Т.е. можно работать откуда угодно, общение происходит через Skype, чаты и трекер задач. Основные задачи: 1. Поддержка текущей разработанной отчетности; 2. Реагирование на заявки пользователей о некорректности данных в отчетах/дашбордах и устранение причин ошибок; 3. Мониторинг процессов загрузки данных в хранилище; 4. Разработка инструментов сбора и хранения данных; 5. Разработка новых отчетов. Что важно: 1. SQL (MySQL, Postgre) – на уровне: SELECT, INSERT, UPDATE, CREATE TABLE; 2. Python – уметь писать скрипты, отправить и распарсить ответ от стороннего API, положить данные в базу данных; 3. Основы UNIX (поставить задачу в крон, развернуть докер и тд); 4. Понимать, что такое ETL; 5. Основы GIT; 6. Аналитический склад ума, cамостоятельность, внимательность, ответственность, желание учиться новому. Условия: • Работа в крутейшей школе Data Science • Полностью удаленная работа • Сильная команда профессионалов и возможность развиваться",Без требований,Без обязанностей, • Работа в крутейшей школе Data Science • Полностью удаленная работа • Сильная команда профессионалов и возможность развиваться,PostgreSQL|Python|Unix|MySQL,0.03333333333333333,0,1,0,0,0,0,0,0,0,0,0,1,0,0,0,0,0,0,0,1,0,0,0,0,0,1,0,0,0,0,0,1,1,0,0,0,0,1,0,0,1,0,1,0
360,360,python,Краснодар,80000.0,100000.0,МедРейтинг,2019-10-21T13:19:11+0300,От 1 года до 3 лет,Гибкий график,Полная занятость,"Наша компания владеет крупнейшим медицинский сайтом prodoctorov. В данный момент для разработки внутренних и внешних сервисов мы ищем Backend-разработчика с отличным знанием Python и хорошим знанием одного из Python-фрейворков. Точная З/П определяется по результатам собеседования. Prodoctorov - более 11 500 000 посетителей в месяц; ProTabletky - более 1 500 000 посетителей в месяц; Наша компания это: молодой и целеустремленный коллектив единомышленников; полная социальная защищенность и официальное оформление; комфортное и отлично оборудованное рабочее место в офисе класса А с панорамным видом на город; чай, кофе и плюшки за счет компании; и, конечно же, возможность внести свой вклад в развитие социально значимого проекта. Удаленный формат работы не предполагается!!! Требования : Отличное знание Python3. Высшее (или неоконченное высшее) техническое образование, желательно - программирование. Знание одного из фреймворков Python (Django, Flask). Базовое владение HTML, CSS, JavaScript. В компании есть отдельные FrontEnd разработчки, но желательно уметь читать их код. Знание SQL (group by, left join) Опыт работы с Git (GitLab) Базовые знания Debian. Знание профильного английского языка. Мы предлагаем: официальное оформление и полный социальный пакет; достойную и стабильную &quot;белую&quot; оплату труда с реальной перспективой роста (пересмотр заработной платы каждые 6 месяцев); возможность работы неполный день с гибким графиком; при работе на полный день график 5/2 с 8-00 до 17-00; удобное местоположение офиса в центре города (недалеко от вузов); зону отдыха со столовой, корпоративной библиотекой и Smart TV; вечера настольных игр; корпоративные игры в волейбол и йога; возможность внести свой вклад в развитие проекта, которым пользуются миллионы пользователей.",Без требований,Без обязанностей,Без условий,Веб-программирование|Python|JavaScript|PostgreSQL|Django Framework|Git|Debian,0.0,0,0,1,0,0,0,0,0,0,0,1,0,0,0,0,0,0,0,0,1,0,0,0,0,0,1,0,0,1,0,0,0,1,0,0,0,0,1,1,0,1,0,0,0
459,459,python,Краснодар,80000.0,140000.0,Кубэкс Рус,2019-09-23T16:19:28+0300,Нет опыта,Полный день,Полная занятость,"Мы разрабатываем приложение для крупных компаний, которые участвуют в выставках по всему миру. Мы IT стартап с инвестициями, работаем на рынок Европы (отдел продаж там). За последние несколько месяцев мы запустили продажи и выпустили первую версию приложения. Ты нужен нам, если у тебя есть опыт работы в стартапах или желание и понимание специфики работы с высоким уровнем неопределенности в продукте. Как мы работаем: - Ежедневные митинги на 15 минут с обсуждением задач на день. - Все задачи в Jira - Обсуждение задач напрямую с Product Owner Чего мы ждем от команды: - Честности - Открытости - Способности попросить помощи и помогать Условия : Мы открыты к диалогу, все запросы можно и нужно обсуждать. Бонусы Гибкий график Чай-кофе-печеньки в офисе Навыки, которые будут плюсом: Typescript HTML SASS Angular",Без требований,Без обязанностей,Без условий,Python|MongoDB|Flask,0.9333333333333332,0,0,1,0,0,0,0,0,0,0,0,1,0,0,0,0,0,0,0,1,0,0,0,0,1,0,0,0,0,1,0,0,1,0,0,0,0,1,0,0,0,0,0,0
971,971,python,Екатеринбург,82500.0,110000.0,СкайДНС,2019-10-21T10:08:30+0300,От 1 года до 3 лет,Полный день,Полная занятость,"Компания SkyDNS приглашает на работу Python разработчика для управления командой разработчиков и активного улучшения крупного проекта компании. SkyDNS - ведущий российский разработчик и поставщик систем контент-фильтрации для операторов связи, органов власти, корпоративных клиентов и учебных заведений. Продукты и услуги компании успешно продаются на территории России, стран СНГ, США, Великобритании и других стран. Обязанности: Руководство командой разработчиков, занимающимися сайтом и кабинетом пользователя; Планирование, декомпозиция и распределение поставленных задач в команде; Планирование релизов; Контроль стандартов разработки; На сегодня основными направлениями развития сервиса является переход на микросервисную архитектуру и последовательный рефакторинг бизнес логики. Технические требования: Знание *nix-систем; Middle/Senior Python; Опыт использования Django и Django CMS; Понимание промышленного цикла разработки ПО; Опыт в осуществлении контроля качества кода; Дебианизация, докеризация; Jira, Git Issues, либо другой таск трекер; Опыт построения REST API. Условия: Удобный офис в Пионерском районе (на Кулибина недалеко от ТЦ Современник); Возможность посещать мероприятия для профессионального развития; Большой и дружный коллектив; Возможность обучения английскому языку; Наличие обширной и пополняемой профессиональной библиотеки.",Без требований,Без обязанностей, Удобный офис в Пионерском районе (на Кулибина недалеко от ТЦ Современник); Возможность посещать мероприятия для профессионального развития; Большой и дружный коллектив; Возможность обучения английскому языку; Наличие обширной и пополняемой профессиональной библиотеки.,Python|Django Framework|Nginx,0.0,0,0,1,0,0,0,0,0,0,0,0,1,0,0,0,0,0,0,1,0,0,0,0,0,0,1,0,0,0,1,0,0,1,0,0,0,0,1,1,0,0,0,0,0
902,902,python,Екатеринбург,82500.0,110000.0,IT-People.ru,2019-10-21T14:31:08+0300,От 3 до 6 лет,Полный день,Полная занятость,"Наш клиент - системный интегратор в сфере информационной безопасности. За 12 лет работы компания успешно выполнила более 1000 проектов. Помимо инженерных решений, в компании есть направление собственной продуктовой разработки. Ребята уже реализовали несколько проектов, один из которых программно-аппаратный комплекс для мониторинга состояния безопасности автоматизированных систем. По-другому, это антивирус для крупных промышленных предприятий. Продукт находится в релизе, сейчас стадия активных продаж, доработки и развития системы. Команда состоит из 8 человек. Это руководитель проекта, ТимЛид, несколько разработчиков на бекенде, тестировщик, аналитик. Поддерживает проект большая группа сопровождения. Успешный старт продаж показал, что у продукта огромные перспективы. Поэтому для усиления команды открыта вакансия Python-разработчик уровня Middle/Senior. Задач на проекте много, самых разнообразных: проектирование архитектуры, разработка сервисов, оптимизация, разработка новой функциональности. Специфика продукта такова, что это минимум фронтенда, максимум инженерных задач. Стек технологий: Python 3.7, часть микросервисов написана на Flask, часть с использованием python asyncio, 1 сервис на Go. БД — MySQL. Elasticsearch, Kibana, RabbitMQ, REST API. На фронте Angular 7. CI: Jenkins + Docker. От вас: красивый код, желание полностью погрузиться в проект, максимум ответственности и самостоятельности в принятии решений. Есть все возможности влиять на архитектуру проекта, быть идейным вдохновителем в построении принципов программирования в команде. От компании: конкурентный уровень дохода, обсуждается индивидуально и зависит от уровня технических знаний кандидата; оборудование рабочего места с учетом ваших пожеланий; профильное обучение за счет компании; корпоративный спорт (бассейн, баскетбол, фитнес, скалодром); компенсация ДМС; комфортный офис около парка Маяковского, всегда в наличии чай, кофе, вкусняшки; классная и сильная команда, большое количество действительно интересных корпоративных мероприятий; официальное трудоустройство в соответствии с требованиями ТК РФ.",Без требований,Без обязанностей,Без условий,Python,0.0,0,0,1,0,0,0,0,0,0,0,0,1,0,0,0,0,0,0,1,0,0,0,0,0,0,0,1,0,0,1,0,0,1,0,0,0,0,1,0,0,0,0,0,0
986,986,python,Екатеринбург,82500.0,110000.0,NAUMEN,2019-10-21T12:44:18+0300,От 3 до 6 лет,Полный день,Полная занятость,"Naumen – один из IT-лидеров в России*. С 2001 года мы разрабатываем и внедряем интеллектуальные системы и сервисы, которые приносят пользу бизнесу и государству в реальной жизни, а не «на бумаге». Нашими ИТ-продуктами пользуются крупнейшие компании России, входящие в топ-500, из разных отраслей: энергетика, финансовый сектор, телекоммуникации, промышленность, ритейл и госструктуры. Мы амбициозны и не останавливаемся на достигнутом: ежегодно оборот Naumen растет на 30%, количество сотрудников увеличивается на 17%, открываются новые офисы компании. * ТОП-10 крупнейших разработчиков ПО по числу инсталляций в РФ (по версии TAdviser), разработчик №1 в России в сегменте аутсорсинговых контакт-центров (по версии iKS-Consulting) и входим в ТОП-10 IT-работодателей России (по версии HeadHunter). Мы ищем Python -разработчика в команду разработки продукта Naumen Contact Center . Naumen Contact Center (ранее Naumen Phone) – полнофункциональное программное решение для построения крупных и средних контактных центров. В состав решения входит коммуникационная платформа с компонентом Omni-Channel, информационная система управления проектами и прогнозирования рабочей нагрузки (WFM), а также автоматизированные рабочие места оператора и супервизора. Нашими клиентами являются: ИнтерРАО ЕС, Спортмастер, Банк Россия, Мосэнергосбыт, Moldtelecom. Платформа Naumen Contact Center включена в глобальный отчет Gartner. Обязанности: поддержка backend компонент Naumen Сontact Сenter; разработка новых функциональных возможностей; разработка новых компонентов. Требования: опыт ежедневной разработки на Python от 2 лет; знание классических алгоритмов и структур данных; умение разбираться в чужом коде; опыт работы с SQLAlchemy; опыт работы с Twisted; опыт администрирования *nix; опыт работы с Git; опыт работы с реляционными базами данных опыт разработки и оптимизации асинхронных многопоточных программ; опыт разработки сетевых приложений; опыт разработки highload решений. Желательно: опыт разработки на C++; В Naumen мы создали все условия для продуктивной и интересной работы: индивидуально обсуждаем с каждым кандидатом зарплатные ожидания; лояльный график работы и минимум бюрократии; работа в команде профессионалов в атмосфере взаимопомощи и поддержки; реальная возможность влиять на развитие и качество продукта; возможность профессионального обучения за счет компании; мы поддерживаем развитие ИТ-сообщества и обмен опытом: участвуем во внешних и внутренних конференциях не только в качестве слушателя, но и в качестве спикера, обучаем школьников и студентам программированию, проводим собственные образовательные программы; практикуем индивидуальное планирование карьеры, Performance Review 2 раза в год (80% ключевых сотрудников компании выросли внутри Naumen); заботимся о здоровье наших сотрудников: ДМС сразу после испытательного срока: посещение специалистов в лучших поликлиниках и стоматологиях города, вызов врача на дом, госпитализация, телемедицина; полис выезжающих за рубеж (покрытие весь мир); вакцинация от гриппа; насыщенная корпоративная жизнь компании: яркие корпоративы, поздравления с календарными и профессиональными праздниками. Подарки в честь значимых событий в жизни сотрудников: рождение ребенка, свадьба, подарки детям на Новый год; поддерживаем любовь к спорту: есть своя волейбольная команда, команды по кикеру, велопрогулки, возможна частичная компенсация занятий спортом, участвуем в Спартакиаде айтишников; современный и комфортный офис (Татищева). В офисе оборудованы комната активного отдыха (настольный теннис, настольный футбол, тренажеры, массажное кресло), душевая кабина. Есть корпоративное кафе, кофе-поинты с разнообразными перекусами. Оборудована велопаркока в подземном паркинге в бизнес-центре.",Без требований, поддержка backend компонент Naumen Сontact Сenter; разработка новых функциональных возможностей; разработка новых компонентов. ,Без условий,Python|Git|Linux|ООП|SQL,0.0,0,0,1,0,0,0,0,0,0,0,0,1,0,0,0,0,0,0,1,0,0,0,0,0,0,0,1,0,0,1,0,0,1,0,0,0,0,1,0,0,0,0,0,0
814,814,python,Екатеринбург,82500.0,110000.0,NAUMEN,2019-10-21T12:20:33+0300,От 1 года до 3 лет,Полный день,Полная занятость,"Naumen – один из IT-лидеров в России*. С 2001 года мы разрабатываем и внедряем интеллектуальные системы и сервисы, которые приносят пользу бизнесу и государству в реальной жизни, а не «на бумаге». Нашими ИТ-продуктами пользуются крупнейшие компании России, входящие в топ-500, из разных отраслей: энергетика, финансовый сектор, телекоммуникации, промышленность, ритейл и госструктуры. Мы амбициозны и не останавливаемся на достигнутом: ежегодно оборот Naumen растет на 30%, количество сотрудников увеличивается на 17%, открываются новые офисы компании. * ТОП-10 крупнейших разработчиков ПО по числу инсталляций в РФ (по версии TAdviser), разработчик №1 в России в сегменте аутсорсинговых контакт-центров (по версии iKS-Consulting) и входим в ТОП-10 IT-работодателей России (по версии HeadHunter). Мы ищем Junior Python-разработчика в команду разработки продукта Naumen Contact Center . Naumen Contact Center (ранее Naumen Phone) – полнофункциональное программное решение для построения крупных и средних контактных центров. В состав решения входит коммуникационная платформа с компонентом Omni-Channel, информационная система управления проектами и прогнозирования рабочей нагрузки (WFM), а также автоматизированные рабочие места оператора и супервизора. Нашими клиентами являются: ИнтерРАО ЕС, Спортмастер, Банк Россия, Мосэнергосбыт, Moldtelecom. Платформа Naumen Contact Center включена в глобальный отчет Gartner. Обязанности: поддержка backend компонент Naumen Сontact Сenter; разработка новых функциональных возможностей; разработка новых компонентов. Требования: опыт разработки на Python; знание классических алгоритмов и структур данных; умение разбираться в чужом коде. Будет большим плюсом, если у вас есть: опыт работы с SQLAlchemy; опыт работы с Twisted; опыт администрирования *nix; опыт работы с Git; опыт работы с реляционными базами данных опыт разработки и оптимизации асинхронных многопоточных программ; опыт разработки сетевых приложений; опыт разработки на C++. В Naumen есть все условия для профессионального развития молодых специалистов: у тебя будет опытный наставник. Он поможет адаптироваться в команде и к рабочему процессу; сможешь вырасти от стажера или junior’а до профи за 1 год; будешь развиваться в атмосфере поддержки и дружелюбия, а не жесткой конкуренции; сможешь работать в команде над реальным продуктом; будешь участвовать во внешних и внутренних конференциях, в митапах, и проходить профессиональное обучение; ты сможешь пользоваться bookcrossing, мы приобретаем необходимую профессиональную литературу; сможешь выбрать удобный для себя график работы, чтобы совмещать с учебой. И все с минимумом бюрократии; посетишь яркие корпоративы, мы поздравим с календарными и профессиональными праздниками; поддержим твою любовь к спорту: есть своя волейбольная команда, команды по кикеру, велопрогулки, участвуем в Спартакиаде айтишников; оценишь современный и комфортный офис (Татищева). В офисе оборудованы комната активного отдыха (настольный теннис, настольный футбол, тренажеры, массажное кресло), душевая кабина. Есть корпоративное кафе, кофе-поинты с разнообразными перекусами. Сможешь пользоваться велопарковкой в подземном паркинге.",Без требований, поддержка backend компонент Naumen Сontact Сenter; разработка новых функциональных возможностей; разработка новых компонентов. ,Без условий,Без ключевых навыков,0.0,0,0,1,0,0,0,0,0,0,0,0,1,0,0,0,0,0,0,1,0,0,0,0,0,0,1,0,0,0,1,0,0,1,0,0,0,1,0,0,0,0,0,0,0
865,865,python,Екатеринбург,82500.0,110000.0,"EPAM Systems, Inc.",2019-09-25T11:18:08+0300,Нет опыта,Полный день,Полная занятость,"Position means moving to any city where there is an EPAM office, or completely remote work in fulltime mode. If you are an ambitious Python Engineer and thrive on working on tough, real-world problems, you want to work here. You will be involved in development of all aspects of our high-performance platform based on Python and intended to provide sophisticated solutions for data-intensive environments. We pay special attention to performance and reliability as well as high-quality synchronization, and expect you to strive for excellence in everything you do. In our turn, we offer you the amazing opportunity to level up your skills due to implementation of best practices and direct communication with and reporting to the customer. You will be working on development of new features, at the same time ensuring the top-notch product release. Responsibilities Participate in full-cycle web application development: design, implement, test, and launch solutions in Python Be involved in a code review process Integrate with other clients’ systems and applications Communicate with the customer to clarify requirements Drive the collaboration process with other team members Requirements Highly experienced in Python Experience in relational databases (PostgreSQL, MySQL) Knowledge of OOP and design patterns Knowledge of Python coding standards and best practices Knowledge of Unix-based OS (CentOS / Debian / Ubuntu) Understanding of API building principles in web (REST API) Experience in messaging queues (RabbitMQ) Experience in Docker Nice to have Understanding of distributed applications architecture Experience in Kubernetes or Docker Swarm Experience in Django or Flask AWS (EC2, S3, Lambda) Understanding of software development life cycle and development methodologies English - must have We offer Experience exchange with colleagues all around the world Competitive compensation depending on experience and skills Regular assessments and salary reviews Social package: medical care, sports, family care Free English classes Opportunities for self-realization Friendly team and enjoyable working environment Flexible working schedule Corporate and social events",Без требований,Без обязанностей,Без условий,Python|Django Framework|PostgreSQL|MySQL|Unix,0.8666666666666667,0,0,1,0,0,0,0,0,0,0,0,1,0,0,0,0,0,0,1,0,0,0,0,0,1,0,0,0,0,1,0,0,1,0,0,0,0,1,1,0,1,0,1,0
901,901,python,Екатеринбург,82500.0,110000.0,ЦИАН ГРУПП,2019-10-21T10:03:37+0300,От 3 до 6 лет,Удаленная работа,Полная занятость,"ЦИАН - лидирующий на рынке маркетплейс по недвижимости России (по данным LiveInternet за январь 2018 года). Мы помогаем найти жилье более чем 13 миллионам посетителей ежемесячно. ЦИАН пятый год подряд входит в двадцатку самых дорогих компаний Рунета по версии журнала Forbes. Идей становится все больше, и мы знаем, как сделать CIAN.RU самым полезным, надежным и удобным сайтом по поиску недвижимости. Поэтому мы ищем амбициозных людей кто сможет предложить свои идеи и захочет воплотить в жизнь уже существующие. Пару слов о проекте: Мы сейчас движемся от монолитной архитектуры (Python 2.7 &amp; Django) в сторону микросервисов (Python 3 + Tornado). Есть возможность получить опыт работы с асинхронностью, поучаствовать в построении архитектуры микросервисов, решать задачи по повышению производительности. С чем предстоит работать: В микросервисах (б0льшая часть задач): Python 3.6 и Tornado 4 В старой части - монолите - Python 2.7 и Django (его последовательно переводим на SOA архитектуру, где критично - оптимизируем производительность) На серверах Debian. Используем RabbitMQ, Cassandra, ElasticSearch Постоянно совершенствуемый Continuous Delivery . Уважение к unit-тестам. Неизменно: утренние короткие стенд-апы, недельные итерации и еженедельное планирование, код-ревью, еженедельная ретроспектива. Требования : Опыт коммерческой разработки на Python (Django\Tornado и т.д.) от 3 лет; Знание паттернов проектирования; Хорошее знание SQL; Умение писать юнитесты (pytest); Умение оптимизировать производительность приложения и базы данных; Знание Unix/Linux; Общее представление о верстке и js (самому верстать/писать не нужно); Понимать суть задачи и вносить минимальные необходимые изменения (без “переписать всё”). Личные качества: Self-management; Нацеленность на результат; Умение четко и ясно излагать свои мысли; Ответственность; Важна скорость реакции и умение быстро переключать контекст; Умение добиваться поставленных целей в сжатые сроки Работа в ЦИАН - это: Удаленная работа, оформление по ТК 5 day off в год Профессиональный рост (ЛПР, оплачиваемое обучение, посещение конференций, корпоративная библиотека) Мы любим веселиться (2 больших корпоратива в год + квартальные вечеринки в офисе)",Без требований,Без обязанностей,Без условий,Без ключевых навыков,0.0,0,0,1,0,0,0,0,0,0,0,0,1,0,0,0,0,0,0,1,0,0,0,0,0,0,0,1,0,0,0,0,1,1,0,0,0,1,0,0,0,0,0,0,0
841,841,python,Екатеринбург,82500.0,110000.0,Айдеко,2019-10-16T11:44:35+0300,От 1 года до 3 лет,Полный день,Полная занятость,"Компания «Айдеко» - ведущий разработчик программного обеспечения в области информационной безопасности и сетевых технологий. Наши продукты IDECO UTM - шлюз безопасности; система контентной фильтрации IDECO SELECTA; IDECO MESH - позволяет использовать интернет в любой точке покрытия Wi-Fi без потери качества сигнала. Нам нужен разработчик в команду разработки продукта Ideco UTM - это система предотвращения вторжений, контентная фильтрация, контроль приложений (DPI), антивирусная проверка трафика, система отчетов и многое другое. В основном разработка ведется на Python3, но также есть задачи на C, GoLang и Bash. Языки программирования : Python3, C, GoLang, Bash. Обязанности: Разработка бекендов и сервисов, в основном на Python; Работа в scrum-команде по разработке серийного ПО; Требования: Уверенные знания Python3; Опыт работы с ОС Linux; Умение работать с git; Понимание устройства сетей. Дополнительными плюсами кандидата будут: Базовые навыки администрирования Linux; Умение писать простой и понятный код; Опыт работы с Python3 Aiohttp; Опыт работы на C/C++, Golang, Bash. Условия: Конкурентная заработная плата (готовы обсуждать индивидуально, будет зависеть от скиллов), официальное трудоустройство, гуманный график работы; Бесплатное обучение английскому языку с преподавателем (в офисе); Чай, кофе, плюшки и сладости на оборудованной кухне, просторный современный офис."," Уверенные знания Python3; Опыт работы с ОС Linux; Умение работать с git; Понимание устройства сетей. Дополнительными плюсами кандидата будут: Базовые навыки администрирования Linux; Умение писать простой и понятный код; Опыт работы с Python3 Aiohttp; Опыт работы на C/C++, Golang, Bash. "," Разработка бекендов и сервисов, в основном на Python; Работа в scrum-команде по разработке серийного ПО; "," Конкурентная заработная плата (готовы обсуждать индивидуально, будет зависеть от скиллов), официальное трудоустройство, гуманный график работы; Бесплатное обучение английскому языку с преподавателем (в офисе); Чай, кофе, плюшки и сладости на оборудованной кухне, просторный современный офис.",Без ключевых навыков,0.16666666666666666,0,0,1,0,0,0,0,0,0,0,0,1,0,0,0,0,0,0,1,0,0,0,0,0,0,1,0,0,0,1,0,0,1,0,0,0,1,0,0,0,0,0,0,0
925,925,python,Екатеринбург,95000.0,110000.0,Ingate,2019-10-17T10:45:19+0300,От 3 до 6 лет,Полный день,Полная занятость,"Компания Ingate в поисках Python разработчика Холдинг Ingate входит в тройку российских лидеров в сфере интернет-маркетинга и информационных технологий. Уже более 18 лет наша компания предоставляет качественные услуги и использует новейшие методы в области поискового продвижения, рекламы в социальных сетях и интернет-маркетинга для компаний и брендов с мировым именем. В штате холдинга работает более 700 профессионалов. Компания имеет 3 офиса: в Москве, Санкт-Петербурге, и головной – в Туле. Обязанности: Проектирование и реализация программных систем Доработка, отладка и оптимизация существующих программ Анализ и решение сложных технических проблем Требования: Знание Python и опыт разработки на нем от 2 лет Желательно знание базовых структур данных и операций над ними Желателен опыт работы с Django, Tornado, Flask, Falcon Условия: Рассматриваем вариант удаленного сотрудничества. Также возможна работа в любом из 3х офисов компании - Тула (в случае готовности к переезду, помогаем со съемом жилья - оплачиваем первые три месяца), Москва и Санкт-Петербург ЗП: 70 000 фикс оклад + премия за КPI (от 30 000) - на период исп. срока 3 месяца и основной период – принцип расчета оклада и бонуса не меняется. Стабильная, надёжная ИТ-компания (18 лет на рынке), лидеры рынка (в тройке в сфере интернет-маркетинга в России). Прогрессивные технологии, гибкое и разумное применение основного и дополнительного стека и методологии Agile. Интересные, сложные, востребованные на рынке проекты (высоконагруженные интернет-сервисы для продвижения в поиске и не только). Самодостаточные команды: программисты, разработчики, тим-лиды, тестировщики, проектировщики интерфейсов, менеджеры проектов – весь необходимый набор спецов. Система грейдов внутри отдела, индивидуальные планы развития сотрудников, наставничество, возможность вырасти до ведущего разработчика (120-130 000 руб) и далее до архитектора. Обучение за счет компании (наша собственная программа развития сотрудников + внешнее обучение). Ждем тебя в нашей команде!"," Знание Python и опыт разработки на нем от 2 лет Желательно знание базовых структур данных и операций над ними Желателен опыт работы с Django, Tornado, Flask, Falcon "," Проектирование и реализация программных систем Доработка, отладка и оптимизация существующих программ Анализ и решение сложных технических проблем "," Рассматриваем вариант удаленного сотрудничества. Также возможна работа в любом из 3х офисов компании - Тула (в случае готовности к переезду, помогаем со съемом жилья - оплачиваем первые три месяца), Москва и Санкт-Петербург ЗП: 70 000 фикс оклад + премия за КPI (от 30 000) - на период исп. срока 3 месяца и основной период – принцип расчета оклада и бонуса не меняется. Стабильная, надёжная ИТ-компания (18 лет на рынке), лидеры рынка (в тройке в сфере интернет-маркетинга в России). Прогрессивные технологии, гибкое и разумное применение основного и дополнительного стека и методологии Agile. Интересные, сложные, востребованные на рынке проекты (высоконагруженные интернет-сервисы для продвижения в поиске и не только). Самодостаточные команды: программисты, разработчики, тим-лиды, тестировщики, проектировщики интерфейсов, менеджеры проектов – весь необходимый набор спецов. Система грейдов внутри отдела, индивидуальные планы развития сотрудников, наставничество, возможность вырасти до ведущего разработчика (120-130 000 руб) и далее до архитектора. Обучение за счет компании (наша собственная программа развития сотрудников + внешнее обучение). Ждем тебя в нашей команде!",Без ключевых навыков,0.13333333333333333,0,0,1,0,0,0,0,0,0,0,0,1,0,0,0,0,0,0,1,0,0,0,0,0,0,0,1,0,0,1,0,0,1,0,0,0,1,0,0,0,0,0,0,0
180,180,python,Новосибирск,100000.0,120000.0,Группа Компаний СТАРТЕКС,2019-10-18T20:52:06+0300,От 3 до 6 лет,Полный день,Полная занятость,"Команда разработки крупного федерального интернет-магазина ищет опытного back-end (SQL + Django) разработчика: более 100 Гб медиа-данных, 10+ тыс. уникальных посетителей в сутки, 10+ млн. записей в основной БД проекта. Развитая клиентская и администраторская часть, автоматизация работы в ERP-системе, интеграции с внешними сервисами, а так же ряд других интернет-проектов внутри холдинга - все это гарантирует разносторонние и сложные задачи. Фронт работ: участие во всем процессе разработки, начиная с проектирования web-приложений и сервисов, заканчивая итоговой реализацией в команде более 10 человек, включающей как опытных, так и молодых и перспективных; реализация и поддержка REST-сервера и WEB-API на его основе; решения прикладных задач проекта как на стороне back-end, как на SQL, так и на Django; интеграция сторонних, но проверенных решений и технологий: Redis, RabbitMQ, Docker и др. постоянная оптимизация существующего и внедрение нового функционала для крупного интернет-магазина и ряда других интернет-проектов компании, в том числе с использованием нейронных сетей, технологий CDN, анализа big data и т.д. Требования: опыт программирования в любой среде — от 5 лет; опыт программирования на Python — от 3 лет; умение работать с Git; отличные знания SQL вообще, и PostgreSQL, в частности; знание less/grunt, nodejs, react, openfire — будет дополнительным плюсом; умение соблюдать сроки, сигнализировать о проблемах и конструктивно обсуждать пути их решения. Условия работы: заработная плата выше рынка; работа в компании, которая растет каждый год уже более 10 лет; возможности для серьезного профессионального и личного роста; современная техника на рабочем месте; корпоративные мероприятия за счет компании; комфортное рабочее место, новый офис; иногородним поможем с переездом.",Без требований,Без обязанностей,Без условий,Python|SQL|Git|Django Framework|Nginx|Redis|REST,0.06666666666666668,0,0,1,0,0,0,0,0,0,0,0,1,0,0,0,0,0,0,0,0,1,0,0,0,0,0,1,0,0,1,0,0,1,0,0,0,0,1,1,1,0,0,0,0
141,141,python,Новосибирск,110000.0,135000.0,2ГИС,2019-10-18T06:45:31+0300,Нет опыта,Полный день,Полная занятость,"Совсем недавно в 2ГИС появился поиск по товарам и услугам. Это поразительно, но теперь можно найти не только, где находится ближайший продуктовый магазин или как проехать до Затулинки, но и цены на Nokian Hakka или где дешевле купить перфоратор Makita HR 2470 . Помимо названий, картинок и цен у товаров есть множество характеристик: цвета, размеры, мощности. К сожалению, не у всех товаров эти характеристики присутствуют в структурированном виде. В команду Товарного Поиска 2ГИС ищем Python разработчика! Ты будешь заниматься: разработкой и сопровождением системы автоматического извлечения характеристик из названий товаров. Вакансия для начинающего разработчика, поэтому мы ждем от тебя: уверенных знаний Python желания приносить пользу продукту с 50млн ежемесячной аудиторией. Условия: В Новосибирске у нас два больших офиса: этаж в Технопарке и одиннадцать этажей в Сан-Сити. Ты будешь работать в Сан-Сити. У нас нет дресс-кода и строгого графика. Кто-то приходит в 9, кто-то в 10, а кто-то когда удобно ему и команде. Главное, чтобы ты выполнял задачи в срок и был на связи с коллегами. Мы используем современные технологии и любим о них говорить. Помимо разработки мы стараемся побольше рассказывать о нашем продукте миру, поэтому пишем статьи, выступаем на конференциях и сами их организуем. Еще мы стараемся регулярно устраивать тимбилдинги, так как считаем, что хорошие отношения в команде — залог продуктивной работы. Заработную плату готовы обсуждать индивидуально.",Без требований,Без обязанностей," В Новосибирске у нас два больших офиса: этаж в Технопарке и одиннадцать этажей в Сан-Сити. Ты будешь работать в Сан-Сити. У нас нет дресс-кода и строгого графика. Кто-то приходит в 9, кто-то в 10, а кто-то когда удобно ему и команде. Главное, чтобы ты выполнял задачи в срок и был на связи с коллегами. Мы используем современные технологии и любим о них говорить. Помимо разработки мы стараемся побольше рассказывать о нашем продукте миру, поэтому пишем статьи, выступаем на конференциях и сами их организуем. Еще мы стараемся регулярно устраивать тимбилдинги, так как считаем, что хорошие отношения в команде — залог продуктивной работы. Заработную плату готовы обсуждать индивидуально.",Python|Работа в команде,0.1,0,0,0,1,0,0,0,0,0,0,0,1,0,0,0,0,0,0,0,0,1,0,0,0,1,0,0,0,0,1,0,0,1,0,0,0,0,1,0,0,0,0,0,0
227,227,python,Новосибирск,120000.0,150000.0,Группа компаний Фарадей,2019-10-01T10:50:20+0300,От 3 до 6 лет,Полный день,Полная занятость,"Обязанности: Разработка высоконагруженного телеграм бота, программист python. Требования: Опыт разработки на Python не менее 3 лет; Опыт работы с Django от 2-х лет Хорошее знание Django ORM; Хорошее знание Git, PostgreSQL; Опыт работы с asyncio/aiohttp; Условия: Работа 5/2, с возможностю брать дни на удаленку Карьерный рост Бонусы"," Опыт разработки на Python не менее 3 лет; Опыт работы с Django от 2-х лет Хорошее знание Django ORM; Хорошее знание Git, PostgreSQL; Опыт работы с asyncio/aiohttp; "," Разработка высоконагруженного телеграм бота, программист python. "," Работа 5/2, с возможностю брать дни на удаленку Карьерный рост Бонусы",Git|PostgreSQL|Django Framework|Redis|Python3.7|AIOgram,0.6666666666666666,0,0,0,1,0,0,0,0,0,0,0,0,1,0,0,0,0,0,0,0,1,0,0,0,0,0,1,0,0,1,0,0,1,0,0,0,0,0,1,1,1,0,0,0
