salaries	NAN - NAN	1.0
days	avg	19.0
days	max	19.0
days	min	19.0
experience	От 3 до 6 лет	1.0
employment	Полная занятость	1.0
schedule	Полный день	1.0
skills	Контекстная реклама	1.0
skills	Копирайтинг	1.0
skills	SMM	1.0
skills	WEB аналитика	1.0
skills	SEO оптимизация	1.0
skills	Лидогенерация	1.0
skills	Составление семантического ядра	1.0
skills	Аудит SMM	1.0
skills	Автоматизация контекстных кампаний	1.0
skills	SEO	1.0
skills	Google AdWords	1.0
skills	Яндекс.Директ	1.0
skills	Adobe Photoshop	1.0
skills	Google Analytics	1.0
skills	SEO-копирайтинг	1.0
skills	Интернет-реклама	1.0
skills	Яндекс.Метрика	1.0
skills	Наполнение контентом	1.0
skills	Веб-аналитика	1.0
skills	Интернет маркетинг	1.0
skills	Грамотность	1.0
skills	Поисковая оптимизация сайтов	1.0
skills	Социальные сети	1.0
skills	Анализ посещаемости сайтов	1.0
skills	Анализ конкурентной среды	1.0
skills	Аналитическое мышление	1.0
skills	Создание сайтов	1.0
skills	Продвижение сайтов	1.0
skills	CMS Wordpress	1.0
skills	Внешний аудит контекстной рекламы	1.0
